PLAYER ,TEAM ,AGE ,GP ,W ,L ,MIN ,PTS ,FGM ,FGA ,FG_PCT,3PM ,3PA ,3P_PCT,FTM ,FTA ,FT_PCT,OREB ,DREB ,REB ,AST ,TOV ,STL ,BLK ,PF ,FP ,DD2 ,TD3 ,PLUS_MINUS
Zion Williamson,NOP ,20,61,29,32,33.2,27,10.4,17,61.1,0.2,0.6,29.4,6,8.7,69.8,2.7,4.5,7.2,3.7,2.7,0.9,0.6,2.2,43.2,14,0,1.5
Zeke Nnaji,DEN ,20,42,30,12,9.5,3.2,1.2,2.5,48.1,0.6,1.4,40.7,0.3,0.4,80,0.3,1.2,1.5,0.2,0.2,0.2,0.1,0.7,6.1,0,0,-2
Zach LaVine,CHI ,26,58,26,32,35.1,27.4,9.8,19.4,50.7,3.4,8.2,41.9,4.4,5.1,84.9,0.6,4.4,5,4.9,3.5,0.8,0.5,2.4,41,3,0,-0.2
Yuta Watanabe,TOR ,26,50,24,26,14.5,4.4,1.6,3.6,43.9,0.7,1.8,40,0.5,0.6,82.8,0.7,2.5,3.2,0.8,0.4,0.5,0.4,1.1,11.7,0,0,-0.8
Yogi Ferrell,LAC ,28,10,4,6,13.7,5.6,2,5.7,35.1,0.9,2.8,32.1,0.7,0.9,77.8,0.5,1.4,1.9,2.2,0.3,0.7,0.3,1.1,13.9,0,0,-0.1
Xavier Tillman Sr.,MEM ,22,59,31,28,18.4,6.6,2.8,5.1,55.9,0.4,1.1,33.8,0.6,0.9,64.2,1.3,3.1,4.3,1.3,0.8,0.7,0.6,2,16.9,2,0,0.6
Willy Hernangomez,NOP ,27,47,20,27,18,7.8,3.2,5.7,56.3,0,0.2,10,1.3,2,66.7,2.5,4.6,7.1,1.1,0.7,0.5,0.5,1.4,20,11,0,-0.3
Willie Cauley-Stein,DAL ,27,53,29,24,17.1,5.3,2.2,3.4,63.2,0,0.2,9.1,0.9,1.5,62.8,1.2,3.2,4.5,0.7,0.5,0.4,0.8,2.4,14.7,1,0,2.6
Will Magnay,NOP ,23,1,1,0,3.3,0,0,1,0,0,1,0,0,0,0,0,0,0,0,1,0,0,1,-1,0,0,-10
Will Barton,DEN ,30,56,37,19,31,12.7,4.6,10.9,42.6,1.8,4.6,38.1,1.7,2.2,78.5,0.7,3.3,4,3.2,1.7,0.9,0.4,1.7,24.6,0,0,4.1
Wesley Matthews,LAL ,34,58,33,25,19.5,4.8,1.5,4.3,35.3,1.1,3.4,33.5,0.6,0.7,85.4,0.3,1.3,1.6,0.9,0.4,0.7,0.3,1.4,10.5,0,0,0.7
Wes Iwundu,NOP ,26,41,17,24,13.1,2.4,0.8,2.5,33.3,0.1,1,12.2,0.6,0.8,83.9,0.4,1.8,2.2,0.4,0.5,0.4,0.1,1.2,6.6,0,0,-2.3
Wenyen Gabriel,NOP ,24,21,9,12,11.5,3.4,1.1,2.9,40,0.6,1.5,40.6,0.5,0.8,64.7,1,1.6,2.6,0.5,0.7,0.4,0.4,1.5,9,0,0,0.1
Wendell Carter Jr.,ORL ,22,54,21,33,25.5,11.2,4.3,8.5,50.3,0.3,0.9,29.4,2.4,3.3,73.2,2.4,5.8,8.2,1.9,1.4,0.6,0.8,2.7,26.8,13,0,-4.5
Wayne Ellington,DET ,33,46,13,33,22,9.6,3.2,7.3,44.1,2.5,6,42.2,0.6,0.8,80,0.3,1.6,1.8,1.5,0.7,0.4,0.2,1.3,15.1,0,0,-1.5
Vlatko Cancar,DEN ,24,41,28,13,6.9,2.1,0.8,1.8,45.8,0.2,0.8,27.3,0.2,0.3,76.9,0.3,1,1.2,0.3,0.3,0.3,0,0.4,4.7,0,0,-2.5
Vincent Poirier,PHI ,27,10,8,2,3.9,0.8,0.3,1.2,25,0,0.1,0,0.2,0.6,33.3,0.6,0.8,1.4,0.2,0.4,0,0.3,0.8,3.3,0,0,-1.6
Victor Oladipo,MIA ,29,33,13,20,32.7,19.8,7.1,17.5,40.8,2.4,7.2,32.6,3.2,4.2,75.4,0.4,4.5,4.8,4.6,2.5,1.4,0.4,2.5,35.4,0,0,-2.2
Vernon Carey Jr.,CHA ,20,19,9,10,6,2.4,0.9,1.9,50,0.1,0.4,14.3,0.5,0.6,81.8,0.3,1.1,1.4,0.1,0.3,0.1,0.3,0.7,5,0,0,-0.6
Udonis Haslem,MIA ,41,1,1,0,2.7,4,2,2,100,0,0,0,0,0,0,0,1,1,0,0,0,0,0,5.2,0,0,3
Udoka Azubuike,UTA ,21,15,13,2,3.8,1.1,0.3,0.6,44.4,0,0,0,0.5,0.7,80,0.3,0.6,0.9,0,0.2,0.1,0.3,0.6,2.9,0,0,-4.3
Tyus Jones,MEM ,25,70,36,34,17.5,6.3,2.5,5.9,43.1,0.6,2,32.1,0.6,0.6,91.1,0.3,1.7,2,3.7,0.7,0.9,0.1,0.4,16.6,2,0,-1.2
Tyrese Maxey,PHI ,20,61,41,20,15.3,8,3.2,7,46.2,0.5,1.7,30.1,1,1.1,87.1,0.2,1.5,1.7,2,0.7,0.4,0.2,1.3,14.2,0,0,-0.9
Tyrese Haliburton,SAC ,21,58,25,33,30.1,13,5,10.7,47.2,2.1,5.1,40.9,0.8,1,85.7,0.7,2.3,3,5.3,1.6,1.3,0.5,1.4,28.4,5,0,-3.1
Tyrell Terry,DAL ,20,11,2,9,5.1,1,0.5,1.5,31.3,0,0.6,0,0.1,0.3,33.3,0,0.5,0.5,0.5,0.2,0.5,0,0.2,3.7,0,0,0
Tyler Johnson,BKN ,29,39,29,10,17.5,5.4,1.8,4.7,39.3,1.2,3.4,36.4,0.5,0.5,85.7,0.2,1.8,2,1.2,0.4,0.4,0,1.1,10.2,0,0,1.2
Tyler Herro,MIA ,21,54,29,25,30.3,15.1,5.7,12.9,43.9,2,5.5,36,1.7,2.2,80.3,0.5,4.5,5,3.4,1.9,0.6,0.3,1.3,27.2,5,0,-1.6
Tyler Cook,DET ,23,32,11,21,13.7,4.9,2.2,3.2,67,0,0.1,50,0.5,1.1,48.6,0.9,2.1,3,0.5,0.7,0.3,0.1,1.1,9.5,0,0,-1.1
Tyler Bey,DAL ,23,18,11,7,3.9,1,0.4,1.2,31.8,0.1,0.2,25,0.2,0.3,60,0.4,0.6,1.1,0.2,0.2,0,0.1,0.3,2.5,0,0,-2.1
Ty-Shon Alexander,PHX ,22,15,11,4,3.2,0.6,0.2,0.8,25,0.1,0.6,22.2,0.1,0.1,50,0.1,0.5,0.7,0.4,0.2,0,0.1,0.1,2,0,0,-0.5
Ty Jerome,OKC ,23,33,7,26,23.9,10.7,3.9,8.7,44.6,2.2,5.1,42.3,0.8,1,76.5,0.3,2.5,2.8,3.6,1.4,0.6,0.2,1.8,20.4,0,0,-4.1
Troy Brown Jr.,CHI ,21,34,10,24,15.4,4.7,1.8,4.2,43.1,0.6,2.1,31.4,0.4,0.6,71.4,0.6,2.5,3.1,0.9,0.6,0.3,0.2,1.4,10.5,0,0,0.8
Tristan Thompson,BOS ,30,54,27,27,23.8,7.6,3.1,6,51.8,0,0.1,0,1.3,2.2,59.2,3.1,5,8.1,1.2,1.1,0.4,0.6,2.2,21.2,5,0,0.4
Trey Lyles,SAS ,25,23,10,13,15.6,5,1.9,3.9,47.8,0.6,1.7,35,0.7,1,65.2,0.4,3.3,3.7,0.6,0.3,0.3,0,0.6,11.1,1,0,-4.7
Trey Burke,DAL ,28,62,35,27,14.7,6.6,2.4,5.7,42.8,0.9,2.6,35.4,0.8,0.9,89.5,0.2,0.7,0.9,1.3,0.5,0.6,0.1,1,11.2,0,0,0.2
Trevor Ariza,MIA ,36,30,17,13,28,9.4,3.3,8,41.1,1.7,4.8,35,1.1,1.5,77.3,0.9,3.9,4.8,1.8,0.7,1,0.6,1.8,22.1,1,0,1.3
Trent Forrest,UTA ,23,30,22,8,10.1,2.9,1.1,2.4,45.1,0.2,0.9,19.2,0.6,0.6,100,0.4,1.1,1.5,1.5,0.7,0.3,0.1,0.7,7.5,0,0,-1.6
Tremont Waters,BOS ,23,26,13,13,9.1,3.8,1.3,3.2,40.5,0.6,1.5,39.5,0.6,0.7,94.1,0.2,0.6,0.8,2.4,1,0.6,0,0.7,9.2,0,0,-0.4
Tre Jones,SAS ,21,37,15,22,7.3,2.5,1,2.1,47.4,0.1,0.1,60,0.5,0.5,89.5,0.2,0.4,0.6,1.1,0.4,0.2,0,0.4,5.1,0,0,-2.2
Trae Young,ATL ,22,63,36,27,33.7,25.3,7.7,17.7,43.8,2.2,6.3,34.3,7.7,8.7,88.6,0.6,3.3,3.9,9.4,4.1,0.8,0.2,1.8,43.1,28,0,4.2
Torrey Craig,PHX ,30,50,33,17,16.1,5.5,2.2,4.5,48,0.8,2.1,36.8,0.3,0.4,77.3,1.1,2.8,3.9,1,0.5,0.6,0.5,1.7,14.5,2,0,-1.9
Tony Snell,ATL ,29,47,29,18,21.1,5.3,1.9,3.6,51.5,1.3,2.3,56.9,0.2,0.2,100,0.4,2,2.4,1.3,0.4,0.3,0.2,1.6,11.1,0,0,1.4
Tony Bradley,OKC ,23,42,15,27,16.3,7.1,3.1,4.7,66.5,0,0.1,0,0.9,1.3,69.1,2,3.7,5.7,0.9,0.8,0.4,0.7,1.5,17.7,3,0,-0.4
Tomas Satoransky,CHI ,29,58,25,33,22.5,7.7,2.9,5.7,51.4,0.7,2,35.6,1.2,1.4,84.8,0.5,1.9,2.4,4.7,1.7,0.7,0.2,1.5,18.8,1,0,0
Tobias Harris,PHI ,28,62,44,18,32.5,19.5,7.6,14.9,51.2,1.3,3.4,39.4,2.9,3.3,89.2,1,5.8,6.8,3.5,1.7,0.9,0.8,1.9,36.4,11,0,5.2
Timothe Luwawu-Cabarrot,BKN ,26,58,38,20,18.1,6.4,2.2,6.1,36.5,1.3,4.1,31.4,0.6,0.7,81.4,0.5,1.7,2.2,1.2,0.7,0.6,0.1,1.7,12.1,0,0,-0.4
Tim Hardaway Jr.,DAL ,29,70,42,28,28.4,16.6,5.8,13,44.7,3,7.6,39.1,2,2.5,81.6,0.3,3,3.3,1.8,0.9,0.4,0.2,1.6,24.1,0,0,1
Tim Frazier,MEM ,30,5,5,0,12.4,1.6,0.6,4,15,0,1.6,0,0.4,1.2,33.3,0,1.6,1.6,3.2,0.8,0.4,0.2,1.4,9.3,0,0,1
Thon Maker,CLE ,24,8,3,5,9.6,3.8,1.3,2.3,55.6,0,0.3,0,1.3,1.4,90.9,1,1.3,2.3,0.5,0.4,0.3,0.5,0.9,9.1,0,0,-2.3
Thomas Bryant,WAS ,23,10,2,8,27.1,14.3,5.9,9.1,64.8,0.9,2.1,42.9,1.6,2.4,66.7,1.8,4.3,6.1,1.5,1.1,0.4,0.8,3.1,26.4,1,0,-1.4
Theo Pinson,NYK ,25,17,9,8,2,0.1,0.1,0.5,11.1,0,0.5,0,0,0,0,0,0.3,0.3,0.1,0.1,0,0,0.2,0.5,0,0,-0.9
Theo Maledon,OKC ,20,65,20,45,27.3,10.1,3.5,9.4,36.8,1.6,4.8,33.5,1.6,2.1,74.8,0.4,2.9,3.2,3.5,2.2,0.9,0.2,1.9,20.2,1,0,-9.6
Thanasis Antetokounmpo,MIL ,28,57,37,20,9.7,2.9,1.2,2.4,48.9,0.1,0.5,24.1,0.4,0.9,51,0.9,1.2,2.2,0.8,0.8,0.4,0.2,1.3,7.7,1,0,-0.2
Thaddeus Young,CHI ,33,68,30,38,24.3,12.1,5.4,9.7,55.9,0.2,0.7,26.7,1,1.7,62.8,2.5,3.8,6.2,4.3,2,1.1,0.6,2.2,29,7,0,2.1
Terry Rozier,CHA ,27,69,32,37,34.5,20.4,7.4,16.4,45,3.2,8.3,38.9,2.4,2.9,81.7,0.7,3.7,4.4,4.2,1.9,1.3,0.4,1.7,35.1,5,0,-1.3
Terrence Ross,ORL ,30,46,16,30,29.3,15.6,5.5,13.4,41.2,1.9,5.7,33.7,2.6,3,87,0.3,3.1,3.4,2.3,1.6,1,0.5,1.9,26.1,0,0,-5.1
Terrance Ferguson,PHI ,23,13,10,3,3.8,0.2,0.1,0.5,14.3,0,0.4,0,0,0,0,0,0.1,0.1,0.2,0.3,0.1,0,0.5,0.4,0,0,-1.5
Terence Davis,SAC ,24,61,26,35,17.6,8.7,3.2,7.5,42.8,1.6,4.4,36.7,0.7,0.9,81.8,0.3,2.2,2.5,1.4,1,0.7,0.2,1.6,15.6,0,0,-1.1
Terance Mann,LAC ,24,67,45,22,18.9,7,2.7,5.2,50.9,0.6,1.4,41.8,1.2,1.4,83,0.8,2.8,3.6,1.6,0.6,0.4,0.2,1.9,15,2,0,0.5
Taurean Prince,CLE ,27,41,15,26,22.1,9.5,3.2,8,40.1,1.5,3.8,40,1.6,1.9,85.5,0.5,3,3.5,1.9,1.1,0.7,0.6,1.8,19,0,0,-3.1
Talen Horton-Tucker,LAL ,20,65,39,26,20.1,9,3.4,7.5,45.8,0.6,2,28.2,1.5,2,77.5,0.4,2.2,2.6,2.8,1.6,1,0.3,2,18.6,4,0,0.2
Taj Gibson,NYK ,36,45,29,16,20.8,5.4,2.2,3.5,62.7,0.1,0.3,20,0.9,1.2,72.7,2.2,3.4,5.6,0.8,0.5,0.7,1.1,2.2,18.1,0,0,2.9
Tacko Fall,BOS ,25,19,13,6,7.1,2.5,1.1,1.5,72.4,0,0,0,0.3,0.8,33.3,0.8,1.9,2.7,0.2,0.3,0.1,1.1,1.2,9,0,0,1.4
T.J. Warren,IND ,27,4,3,1,29.3,15.5,6.8,12.8,52.9,0,1.8,0,2,2.5,80,0.5,3,3.5,1.3,1,0.5,0,4,22.1,0,0,0.3
T.J. McConnell,IND ,29,69,33,36,26,8.6,4,7.1,55.9,0.2,0.7,31.3,0.5,0.7,68.8,0.8,2.9,3.7,6.6,2,1.9,0.3,1.6,27.6,5,1,1
T.J. Leaf,POR ,24,7,6,1,5.1,1.7,0.7,1.4,50,0,0,0,0.3,0.3,100,0,0.7,0.7,0.1,0.3,0.3,0.1,0.1,3.8,0,0,-2.9
Svi Mykhailiuk,OKC ,24,66,13,53,20.1,8.5,3.2,7.7,41.1,1.6,4.8,33.4,0.6,0.8,76,0.4,2.1,2.5,1.7,1.3,0.8,0.2,1,15.5,0,0,-3.5
Steven Adams,NOP ,27,58,26,32,27.7,7.6,3.3,5.3,61.4,0,0.1,0,1,2.3,44.4,3.7,5.2,8.9,1.9,1.3,0.9,0.7,1.9,24.5,13,1,0.3
Sterling Brown,HOU ,26,51,14,37,24.1,8.2,2.9,6.6,44.8,1.8,4.2,42.3,0.5,0.6,80.6,0.7,3.6,4.4,1.4,0.8,0.7,0.2,1.9,17.7,2,0,-3
Stephen Curry,GSW ,33,63,37,26,34.2,32,10.4,21.7,48.2,5.3,12.7,42.1,5.7,6.3,91.6,0.5,5,5.5,5.8,3.4,1.2,0.1,1.9,47.9,8,0,3.9
Stanley Johnson,TOR ,25,61,25,36,16.5,4.4,1.5,3.8,38.2,0.7,2.2,32.8,0.7,0.9,80,0.5,2,2.5,1.5,0.9,0.9,0.3,1.9,12.1,2,0,-2.6
Spencer Dinwiddie,BKN ,28,3,2,1,21.4,6.7,2,5.3,37.5,0.7,2.3,28.6,2,2,100,0,4.3,4.3,3,1.7,0.7,0.3,1.3,17.7,0,0,14
Solomon Hill,ATL ,30,71,41,30,21.3,4.5,1.5,4.2,35.9,1,3,32.1,0.5,0.6,76.1,0.6,2.4,3,1.1,0.6,0.7,0.2,1.6,11.7,0,0,0.4
Skylar Mays,ATL ,23,33,19,14,8.2,3.8,1.3,3,44.9,0.4,1.2,35,0.7,0.8,88,0.3,0.8,1.1,0.9,0.3,0.4,0.1,0.5,7.6,0,0,0.4
Sindarius Thornwell,ORL ,26,21,7,14,10.3,2,0.7,2.2,32.6,0.3,1.1,30.4,0.2,0.4,50,0.1,0.7,0.9,1,0.3,0.6,0.1,0.7,6.3,0,0,-0.4
Shaquille Harrison,DEN ,27,34,27,7,9.8,2.1,0.8,2.3,33.3,0.1,0.5,18.8,0.5,0.6,81.8,0.2,1.2,1.4,0.7,0.3,0.5,0.1,1,6.6,0,0,-2.2
Shake Milton,PHI ,24,63,46,17,23.2,13,4.8,10.6,45,1.1,3.2,35,2.3,2.8,83,0.5,1.8,2.3,3.1,1.6,0.6,0.3,2.1,21.5,0,0,2.1
Shai Gilgeous-Alexander,OKC ,22,35,16,19,33.7,23.7,8.2,16.1,50.8,2,4.9,41.8,5.3,6.5,80.8,0.5,4.2,4.7,5.9,3,0.8,0.7,2,39.5,3,0,-5.3
Seth Curry,PHI ,30,57,39,18,28.7,12.5,4.5,9.7,46.7,2.2,4.9,45,1.2,1.4,89.6,0.2,2.2,2.4,2.7,1.1,0.8,0.1,1.7,21,0,0,5.6
Serge Ibaka,LAC ,31,41,24,17,23.3,11.1,4.5,8.9,51,1,2.8,33.9,1,1.3,81.1,1.8,4.9,6.7,1.8,1.1,0.2,1.1,1.9,24.9,5,0,3.8
Semi Ojeleye,BOS ,26,56,28,28,17,4.6,1.6,3.9,40.3,1,2.8,36.7,0.4,0.6,75,0.6,2.1,2.6,0.7,0.4,0.3,0,1,9.3,0,0,0.1
Sekou Doumbouya,DET ,20,56,15,41,15.5,5.1,1.9,5,37.9,0.5,2.1,22.6,0.8,1.1,70.3,0.7,1.9,2.6,0.8,0.8,0.4,0.2,1.7,10.4,0,0,-2.4
Sean McDermott,MEM ,24,18,10,8,8.8,2.2,0.7,1.8,39.4,0.3,1.2,22.7,0.4,0.4,100,0.3,0.7,1.1,0.2,0.2,0.1,0.2,0.4,4.4,0,0,-3.2
Sam Merrill,MIL ,25,30,18,12,7.8,3,1.1,2.4,44.4,0.7,1.6,44.7,0.1,0.1,100,0.2,0.8,1,0.7,0.3,0.3,0,0.6,5.8,0,0,-1.3
Saddiq Bey,DET ,22,70,19,51,27.3,12.2,4,9.9,40.4,2.5,6.6,38,1.8,2.1,84.4,0.6,3.9,4.5,1.4,0.9,0.7,0.2,1.6,21.7,3,0,-3
Saben Lee,DET ,22,48,14,34,16.3,5.6,2.1,4.4,47.1,0.2,0.5,34.8,1.3,1.9,68.5,0.4,1.6,2,3.6,1.1,0.7,0.3,1.6,15.1,0,0,-1.9
Ryan Arcidiacono,CHI ,27,44,20,24,10.2,3.1,1.1,2.7,41.9,0.6,1.5,37.3,0.3,0.5,65,0.1,1.4,1.5,1.3,0.2,0.2,0,1.1,7.2,0,0,0.2
Russell Westbrook,WAS ,32,65,30,35,36.4,22.2,8.4,19,43.9,1.3,4.2,31.5,4.2,6.4,65.6,1.7,9.9,11.5,11.7,4.8,1.4,0.4,2.9,54.1,59,38,-1.4
Rui Hachimura,WAS ,23,57,29,28,31.5,13.8,5.4,11.4,47.8,0.8,2.4,32.8,2.2,2.8,77,0.9,4.6,5.5,1.4,1.2,0.8,0.1,2.1,24.1,3,0,-1.9
Rudy Gobert,UTA ,29,71,52,19,30.8,14.3,5.5,8.2,67.5,0,0.1,0,3.3,5.3,62.3,3.4,10.1,13.5,1.3,1.7,0.6,2.7,2.3,40.5,49,0,10.3
Rudy Gay,SAS ,34,63,29,34,21.6,11.4,4.2,10,42,1.7,4.4,38.1,1.3,1.6,80.4,0.7,4.1,4.8,1.4,1,0.7,0.6,1.8,22.2,1,0,2.1
Royce O'Neale,UTA ,28,71,51,20,31.6,7,2.5,5.5,44.4,1.5,3.9,38.5,0.5,0.6,84.8,1.2,5.6,6.8,2.5,1.2,0.8,0.5,2.6,21.6,3,0,6.6
Rondae Hollis-Jefferson,POR ,26,11,6,5,9.8,2.5,0.8,1.6,50,0,0.1,0,0.8,1.5,56.3,1,1.4,2.4,1.2,0.2,0.2,0.4,1.4,8.5,0,0,-0.6
Romeo Langford,BOS ,21,18,9,9,15.7,3.1,1.2,3.3,35.6,0.3,1,27.8,0.5,0.7,75,0.7,1.3,1.9,0.7,0.6,0.3,0.3,1.3,7.8,0,0,-3.7
Rodney McGruder,DET ,29,16,3,13,12.1,5.7,2.3,4.4,52.9,0.7,1.5,45.8,0.4,0.5,75,0.5,0.9,1.4,1,0.4,0.5,0.1,0.8,10.1,0,0,-1.1
Rodney Hood,TOR ,28,55,29,26,17.1,4.5,1.7,4.7,36.2,0.6,2.1,30.1,0.4,0.5,85.7,0.4,1.5,1.9,1,0.7,0.4,0.1,1.3,9.2,0,0,-2.4
Rodions Kurucs,MIL ,23,21,10,11,5.9,1.5,0.5,1.5,34.4,0.3,1,28.6,0.1,0.2,75,0.2,0.9,1.1,0.5,0.6,0.4,0.2,0.8,4.7,0,0,-0.1
Robin Lopez,WAS ,33,71,34,37,19.1,9,3.8,6,63.3,0.1,0.3,27.8,1.4,1.9,72.3,2,1.8,3.8,0.8,1.1,0.2,0.6,1.5,16.2,3,0,-0.2
Robert Woodard II,SAC ,21,13,3,10,3.5,1.5,0.6,1.5,40,0.1,0.5,16.7,0.2,0.6,37.5,0.3,0.9,1.2,0.2,0.1,0,0.2,0.3,3.9,0,0,0.8
Robert Williams III,BOS ,23,52,29,23,18.9,8,3.6,5,72.1,0,0,0,0.9,1.4,61.6,2.6,4.3,6.9,1.8,1,0.8,1.8,2,25.7,4,0,0.2
Robert Franks,ORL ,24,7,0,7,14.4,6.1,1.9,4,46.4,0.7,2.1,33.3,1.7,1.9,92.3,0.9,1.1,2,0.7,0.3,0.4,0.4,1.1,11.9,0,0,-3.6
Robert Covington,POR ,30,70,42,28,32,8.5,2.9,7.3,40.1,1.9,5.1,37.9,0.7,0.9,80.6,0.9,5.8,6.7,1.7,0.9,1.4,1.2,2.8,26,6,0,2.9
Ricky Rubio,MIN ,30,68,23,45,26.1,8.6,2.8,7.3,38.8,1,3.1,30.8,1.9,2.2,86.7,0.4,2.9,3.3,6.4,1.6,1.4,0.1,2,24.9,4,0,-2.7
Richaun Holmes,SAC ,27,61,29,32,29.2,14.2,6,9.4,63.7,0,0.2,18.2,2.2,2.8,79.4,2.4,5.9,8.3,1.7,1.2,0.6,1.6,3.5,32.1,21,0,0.1
Reggie Perry,BKN ,21,26,18,8,8.1,3,1.2,3,41,0.2,0.8,19,0.4,0.5,76.9,1,1.8,2.8,0.5,0.6,0.2,0.2,1.5,8,1,0,-1.4
Reggie Jackson,LAC ,31,67,43,24,23,10.7,3.9,8.7,45,1.8,4.2,43.3,1,1.2,81.7,0.4,2.5,2.9,3.1,1.1,0.6,0.1,1.9,19.7,0,0,3.7
Reggie Bullock,NYK ,30,65,38,27,30,10.9,3.8,8.6,44.2,2.5,6.1,41,0.8,0.8,90.9,0.2,3.2,3.4,1.5,0.7,0.8,0.2,2.2,19.5,0,0,1.6
Rayjon Tucker,PHI ,23,14,8,6,4.9,2.4,0.6,1.3,50,0.1,0.5,28.6,1,1.4,73.7,0.1,0.7,0.8,0.4,0.3,0.1,0,0.6,4.2,0,0,-0.9
Ray Spalding,HOU ,24,2,0,2,9.4,2,1,2,50,0,0.5,0,0,1,0,1,1,2,0,1.5,0,1,1.5,5.9,0,0,-3.5
Raul Neto,WAS ,29,64,30,34,21.9,8.7,3.3,7,46.8,1,2.6,39,1.2,1.3,88.2,0.4,2,2.4,2.3,0.8,1.1,0.1,1.7,17.9,0,0,-0.3
Rajon Rondo,LAC ,35,45,28,17,17.1,5.4,2.1,4.8,44.2,0.8,2,40.4,0.4,0.4,94.1,0.4,2,2.4,4.4,1.8,0.8,0.1,1.2,15.9,0,0,0.5
RJ Barrett,NYK ,21,72,41,31,34.9,17.6,6.5,14.7,44.1,1.7,4.3,40.1,2.9,3.8,74.6,0.9,4.8,5.8,3,1.9,0.7,0.3,2.6,30.1,5,0,1.9
R.J. Hampton,ORL ,20,51,20,31,17.4,6.9,2.7,6.1,43.5,0.5,1.7,31,1.1,1.6,67.1,0.6,2.9,3.5,1.7,1,0.4,0.2,1.2,14.5,3,0,-5.6
Quinndary Weatherspoon,SAS ,24,20,8,12,6.1,2.3,0.8,1.8,45.7,0.1,0.3,16.7,0.7,0.8,81.3,0.2,0.4,0.6,0.4,0.5,0.4,0.1,0.9,4.6,0,0,-3
Quinn Cook,CLE ,28,23,13,10,6.8,3.3,1.3,3,42.6,0.5,1.1,42.3,0.3,0.3,87.5,0.1,0.7,0.7,0.8,0.3,0.2,0,0.4,5.7,0,0,-0.4
Precious Achiuwa,MIA ,21,61,31,30,12.1,5,2,3.7,54.4,0,0,0,0.9,1.8,50.9,1.2,2.2,3.4,0.5,0.7,0.3,0.5,1.5,11.4,3,0,-1.9
Payton Pritchard,BOS ,23,66,33,33,19.2,7.7,2.8,6.3,44,1.5,3.8,41.1,0.6,0.7,88.9,0.5,1.9,2.4,1.8,0.8,0.6,0.1,1.6,14.6,0,0,0.6
Paul Watson,TOR ,26,27,13,14,11,4.1,1.4,3,46.3,1.1,2.4,46.9,0.2,0.3,62.5,0.1,1.5,1.7,0.6,0.3,0.2,0.1,1.3,7.7,0,0,-0.1
Paul Reed,PHI ,22,26,17,9,6.8,3.4,1.6,3,53.8,0,0.2,0,0.2,0.3,50,1.2,1.2,2.3,0.5,0.5,0.4,0.5,1.1,9.1,1,0,1.4
Paul Millsap,DEN ,36,56,38,18,20.8,9,3.4,7.2,47.6,0.9,2.6,34.3,1.3,1.8,72.4,1.4,3.3,4.7,1.8,0.9,0.9,0.6,2,21,2,0,1.8
Paul George,LAC ,31,54,38,16,33.7,23.3,8.2,17.6,46.7,3.2,7.7,41.1,3.7,4.2,86.8,0.8,5.8,6.6,5.2,3.3,1.1,0.4,2.4,40.5,9,0,8
Patty Mills,SAS ,32,68,31,37,24.8,10.8,3.7,9,41.2,2.4,6.3,37.5,1,1.1,91,0.3,1.4,1.7,2.4,1,0.6,0,1.2,17.5,0,0,0.4
Patrick Williams,CHI ,19,71,30,41,27.9,9.2,3.6,7.4,48.3,0.8,1.9,39.1,1.3,1.8,72.8,0.9,3.7,4.6,1.4,1.4,0.9,0.6,1.8,20.1,3,0,-4.1
Patrick Patterson,LAC ,32,38,26,12,15.3,5.2,1.9,4.3,43.6,1.1,2.9,35.7,0.3,0.4,76.5,0.5,1.5,2,0.8,0.3,0.4,0.2,1.2,10.1,0,0,0.6
Patrick McCaw,TOR ,25,5,2,3,6.7,1,0.2,0.2,100,0,0,0,0.6,0.6,100,0.2,0.4,0.6,0.8,0,0.4,0,1.2,4.1,0,0,-3.6
Patrick Beverley,LAC ,32,37,25,12,22.5,7.5,2.5,5.9,42.3,1.5,3.8,39.7,1,1.2,80,0.8,2.4,3.2,2.1,0.9,0.8,0.8,2.9,18.2,0,0,4
Pat Connaughton,MIL ,28,69,44,25,22.8,6.8,2.4,5.6,43.4,1.5,3.9,37.1,0.4,0.6,77.5,0.9,3.9,4.8,1.2,0.5,0.7,0.3,1.4,17,0,0,3.2
Pascal Siakam,TOR ,27,56,21,35,35.8,21.4,7.8,17.2,45.5,1.3,4.4,29.7,4.4,5.4,82.7,1.7,5.5,7.2,4.5,2.3,1.1,0.7,3.1,39.8,13,1,2.3
PJ Dozier,DEN ,24,50,36,14,21.8,7.7,3,7.1,41.7,0.9,3,31.5,0.8,1.3,63.6,0.7,2.9,3.6,1.8,0.9,0.6,0.4,1.7,17.1,0,0,3.9
P.J. Washington,CHA ,22,64,31,33,30.5,12.9,4.7,10.7,44,1.8,4.5,38.6,1.7,2.3,74.5,1.5,5.1,6.5,2.5,2,1.1,1.2,2.7,29.4,10,0,0.5
P.J. Tucker,MIL ,36,52,27,25,26.1,3.7,1.3,3.4,37.3,0.8,2.3,33.6,0.4,0.5,75,1,2.9,3.9,1.2,0.8,0.8,0.4,2.4,12.8,0,0,-3.4
Otto Porter Jr.,ORL ,28,28,12,16,21.7,9.7,3.5,8.1,43.2,1.4,3.7,37.5,1.3,1.5,85.7,1,4.4,5.4,2,0.9,0.6,0.1,1.5,20.4,2,0,-1.5
Oshae Brissett,IND ,23,21,10,11,24.7,10.9,3.5,7.2,48.3,1.6,3.7,42.3,2.4,3.1,76.9,1.4,4.1,5.5,0.9,0.5,0.9,1,1.5,23.9,5,0,2.8
Onyeka Okongwu,ATL ,20,50,31,19,12,4.6,1.9,3,64.4,0,0.1,0,0.7,1.1,63.2,1.2,2,3.3,0.4,0.6,0.5,0.7,2,11.8,2,0,-1.8
Obi Toppin,NYK ,23,62,36,26,11,4.1,1.7,3.4,49.8,0.4,1.4,30.6,0.3,0.4,73.1,0.4,1.8,2.2,0.5,0.4,0.3,0.2,0.9,8.6,0,0,0.4
OG Anunoby,TOR ,23,43,18,25,33.3,15.9,5.8,12.1,48,2.4,6.1,39.8,1.9,2.4,78.4,1.3,4.3,5.5,2.2,1.7,1.5,0.7,2.7,30.8,3,0,2.7
Norvel Pelle,NYK ,28,13,8,5,6.4,1.5,0.6,1.2,53.3,0,0,0,0.3,0.5,66.7,0.5,1,1.5,0.2,0.2,0.1,0.7,1.1,5.6,0,0,1.8
Norman Powell,POR ,28,69,32,37,32,18.6,6.3,13.3,47.7,2.5,6,41.1,3.4,3.9,87.1,0.6,2.5,3.1,1.9,1.7,1.2,0.3,2.3,27.8,0,0,1.1
Noah Vonleh,BKN ,25,4,3,1,2.7,0,0,0.8,0,0,0.5,0,0,0,0,0,0.3,0.3,0.3,0.5,0,0,0.5,0.2,0,0,-4
Nikola Vucevic,CHI ,30,70,26,44,33.5,23.4,9.5,19.9,47.7,2.5,6.3,40,1.9,2.2,84,2.1,9.6,11.7,3.8,1.8,0.9,0.7,2,46.2,48,2,-4.9
Nikola Jokic,DEN ,26,72,47,25,34.6,26.4,10.2,18,56.6,1.3,3.3,38.8,4.8,5.5,86.8,2.8,8,10.8,8.3,3.1,1.3,0.7,2.7,54.7,60,16,5.3
Nicolo Melli,DAL ,30,45,26,19,12.6,3,1,3.1,32.6,0.5,1.9,27.1,0.4,0.6,76,0.6,2.1,2.7,1,0.3,0.3,0.1,1.3,8.6,0,0,0.5
Nicolas Claxton,BKN ,22,32,23,9,18.6,6.6,2.8,4.5,62.1,0,0.2,20,1,2,48.4,1.3,3.8,5.2,0.9,0.6,0.7,1.3,2.1,19.5,1,0,4.9
Nicolas Batum,LAC ,32,67,44,23,27.4,8.1,2.9,6.1,46.4,1.6,4.1,40.4,0.7,0.9,82.8,0.7,4,4.7,2.2,0.8,1,0.6,1.5,21,1,0,5.1
Nico Mannion,GSW ,20,30,17,13,12.1,4.1,1.3,3.8,34.2,0.7,2,36.7,0.8,0.9,82.1,0.2,1.3,1.5,2.3,1,0.5,0,1,10.1,0,0,-2.5
Nickeil Alexander-Walker,NOP ,22,46,20,26,21.9,11,4.2,10,41.9,1.7,4.8,34.7,1,1.4,72.7,0.3,2.8,3.1,2.2,1.5,1,0.5,1.9,21.1,0,0,-1.1
Nick Richards,CHA ,23,18,9,9,3.5,0.8,0.2,0.5,44.4,0,0.1,0,0.4,0.6,63.6,0.2,0.4,0.6,0.1,0.2,0,0,0.4,1.6,0,0,-0.7
Nerlens Noel,NYK ,27,64,35,29,24.2,5.1,2.1,3.5,61.4,0,0,0,0.8,1.1,71.4,2.2,4.1,6.4,0.7,1,1.1,2.2,2.8,22.6,2,0,0
Nemanja Bjelica,MIA ,33,37,16,21,16.1,6.5,2.4,5.3,45.4,0.7,2.3,31.8,1,1.4,72.5,0.8,2.6,3.4,1.9,0.9,0.4,0.1,1.8,14.2,0,0,-1.8
Naz Reid,MIN ,21,70,22,48,19.2,11.2,4.3,8.3,52.3,0.9,2.5,35.1,1.6,2.4,69.3,1.2,3.4,4.6,1,1,0.5,1.1,2.6,22,1,0,-4.2
Nathan Knight,ATL ,23,33,21,12,8.4,3.8,1.1,3,37,0.2,1,18.2,1.3,1.7,80,0.8,1.4,2.2,0.2,0.5,0.3,0.3,0.7,8,1,0,-0.5
Nate Hinton,DAL ,22,21,11,10,4.4,2,0.7,2,35.7,0.2,0.9,21.1,0.3,0.5,70,0,0.4,0.4,0.4,0.2,0.3,0.1,0.4,4.1,0,0,-2.6
Nate Darling,CHA ,22,7,3,4,3.7,1.3,0.3,1,28.6,0.3,1,28.6,0.4,0.4,100,0.1,0,0.1,0.1,0.1,0,0.1,0.1,2,0,0,-4.3
Nassir Little,POR ,21,48,27,21,13.3,4.6,1.6,3.5,46.7,0.6,1.7,35,0.8,0.9,80,0.7,2,2.7,0.5,0.4,0.1,0.3,1.1,9.3,0,0,-0.8
Naji Marshall,NOP ,23,32,14,18,21.9,7.7,2.6,6.5,39.2,0.9,2.6,34.9,1.7,2.3,70.7,0.5,4.2,4.6,2.8,1.2,0.8,0.3,1.8,19.6,3,0,-0.9
Myles Turner,IND ,25,47,22,25,31,12.6,4.4,9.2,47.7,1.5,4.4,33.5,2.4,3,78.2,1.3,5.2,6.5,1,1.4,0.9,3.4,3.5,33.2,7,0,0.5
Mychal Mulder,GSW ,27,60,33,27,12.8,5.6,2,4.4,44.9,1.4,3.6,39.7,0.2,0.4,63.6,0.1,0.9,1,0.4,0.3,0.2,0.2,0.9,8.4,0,0,1.1
Moses Brown,BOS ,21,43,8,35,21.4,8.6,3.4,6.2,54.5,0,0,0,1.8,2.9,61.9,3.6,5.3,8.9,0.2,1,0.7,1.1,2.2,24.1,12,0,-8.4
Moritz Wagner,ORL ,24,45,19,26,16,6.9,2.3,5.1,45.4,0.7,2,34.1,1.6,1.9,81.6,0.6,2.6,3.2,1.1,1,0.6,0.4,2.4,14.4,1,0,-3.2
Montrezl Harrell,LAL ,27,69,41,28,22.9,13.5,5.4,8.7,62.2,0,0.1,0,2.6,3.7,70.7,2.3,3.9,6.2,1.1,1.1,0.7,0.7,1.9,25.6,8,0,0.6
Monte Morris,DEN ,26,47,30,17,25.5,10.2,4,8.2,48.1,1.1,2.9,38.1,1.2,1.6,79.5,0.2,1.8,2,3.2,0.7,0.7,0.3,1,19.7,0,0,3.3
Mo Bamba,ORL ,23,46,11,35,15.8,8,3.1,6.5,47.2,0.8,2.6,32.2,1,1.4,68.2,1.7,4.1,5.8,0.8,0.8,0.3,1.3,1.9,19.9,4,0,-4.4
Miye Oni,UTA ,23,54,45,9,9.6,1.9,0.6,1.8,35.4,0.6,1.6,34.1,0.1,0.1,83.3,0.4,1.1,1.6,0.5,0.3,0.2,0.1,1.1,5.3,0,0,1.7
Mitchell Robinson,NYK ,23,31,15,16,27.5,8.3,3.7,5.7,65.3,0,0,0,0.8,1.7,49.1,3.6,4.5,8.1,0.5,0.8,1.1,1.5,2.8,25.7,5,0,-0.5
Miles Bridges,CHA ,23,66,31,35,29.3,12.7,4.7,9.4,50.3,1.8,4.4,40,1.5,1.7,86.7,1.2,4.8,6,2.2,1.6,0.7,0.8,2.2,26,11,0,-0.1
Mike Scott,PHI ,32,51,35,16,16.7,4.2,1.5,4.1,36,1,3,34.2,0.2,0.2,66.7,0.2,2.1,2.4,0.8,0.4,0.5,0.3,1.4,10,0,0,-0.2
Mike Muscala,OKC ,29,35,15,20,18.4,9.7,3.4,7.6,44.6,1.9,5.3,37,0.9,1,91.7,0.5,3.2,3.8,0.8,0.6,0.2,0.3,1.5,16.4,0,0,0.5
Mike James,BKN ,30,13,9,4,18.2,7.7,2.6,7.1,37,0.8,2.4,35.5,1.6,2.1,77.8,0.2,2.2,2.5,4.2,1.5,0.5,0.1,0.8,17,0,0,1.5
Mike Conley,UTA ,33,51,37,14,29.4,16.2,5.6,12.5,44.4,2.7,6.6,41.2,2.4,2.8,85.2,0.7,2.8,3.5,6,1.9,1.4,0.2,1.9,32.1,6,0,10.7
Mikal Bridges,PHX ,24,72,51,21,32.6,13.5,5,9.3,54.3,1.9,4.4,42.5,1.5,1.8,84,1.1,3.2,4.3,2.1,0.8,1.1,0.9,1.6,26.8,2,0,4.7
Michael Porter Jr.,DEN ,23,61,40,21,31.3,19,7.3,13.4,54.2,2.8,6.3,44.5,1.7,2.2,79.1,1.5,5.8,7.3,1.1,1.3,0.7,0.9,2.1,32.9,15,0,5.9
Michael Carter-Williams,ORL ,29,31,12,19,25.8,8.8,3.4,8.7,38.9,0.5,2,24.6,1.6,2.6,61.3,1.3,3.2,4.5,4.2,2.2,0.8,0.5,2.6,22.3,0,0,-1.6
Mfiondu Kabengele,CLE ,23,39,20,19,7.2,2.4,0.8,2.3,37.1,0.3,1.3,26,0.4,0.5,80,0.3,1.2,1.5,0.4,0.4,0.2,0.3,0.9,6.2,0,0,-2.4
Meyers Leonard,MIA ,29,3,2,1,9.8,3.3,1,2.3,42.9,1,2.3,42.9,0.3,0.7,50,0,2.3,2.3,0.7,0.7,0,0,1.7,6.5,0,0,-1.3
Maxi Kleber,DAL ,29,50,31,19,26.8,7.1,2.3,5.5,42.2,1.7,4.2,41,0.7,0.7,91.9,0.9,4.3,5.2,1.4,0.6,0.5,0.7,2.1,18.3,0,0,2.7
Max Strus,MIA ,25,39,14,25,13,6.1,2.2,4.8,45.5,1.3,3.8,33.8,0.4,0.6,66.7,0.1,0.9,1.1,0.6,0.2,0.3,0.1,1.1,9,0,0,-1
Maurice Harkless,SAC ,28,37,16,21,20.9,5.2,1.9,4.5,41.8,0.6,2.3,27.4,0.9,1.2,76.7,0.4,2.1,2.4,1.2,0.6,0.8,0.5,2.3,13.4,0,0,-1.2
Matthew Dellavedova,CLE ,30,13,4,9,17.2,2.8,1.1,4.3,25,0.3,1.9,16,0.3,0.3,100,0.5,1.4,1.8,4.5,0.5,0.3,0.1,1.6,12.4,0,0,-1.4
Matt Thomas,UTA ,26,45,27,18,7.3,3.1,1.1,2.8,39.4,0.6,1.8,33.8,0.3,0.3,85.7,0.2,0.8,1,0.4,0.3,0.1,0,0.4,4.9,0,0,-1.5
Matisse Thybulle,PHI ,24,65,46,19,20,3.9,1.6,3.7,42,0.7,2.2,30.1,0.1,0.3,44.4,0.5,1.4,1.9,1,0.5,1.6,1.1,2,15.3,0,0,1.5
Mason Plumlee,DET ,31,56,14,42,26.8,10.4,4.2,6.8,61.4,0,0.1,0,2,3,66.9,2.6,6.7,9.3,3.6,1.9,0.8,0.9,3.3,30,16,2,-2.7
Mason Jones,PHI ,22,32,10,22,10.5,5.3,1.6,3.8,42.3,0.8,2.1,36.4,1.3,2,62.5,0.2,1.5,1.7,1.3,0.9,0.2,0,0.8,9.1,0,0,-2.8
Marvin Bagley III,SAC ,22,43,20,23,25.9,14.1,5.7,11.4,50.4,0.9,2.5,34.3,1.8,3.1,57.5,2.5,4.9,7.4,1,1.4,0.5,0.5,2.3,26.1,11,0,-2
Marquese Chriss,GSW ,23,2,0,2,13.4,6.5,2.5,7,35.7,0.5,2.5,20,1,2,50,1.5,5,6.5,1,1,0,1,1.5,17.8,0,0,-12.5
Marques Bolden,CLE ,23,6,2,4,4.8,1.2,0.2,0.5,33.3,0,0,0,0.8,1.3,62.5,0.5,0.5,1,0,0.3,0.3,0.3,0,4,0,0,0.8
Markus Howard,DEN ,22,37,24,13,5.5,2.8,1.1,2.9,37.7,0.5,1.8,27.7,0.2,0.2,77.8,0,0.5,0.6,0.5,0.5,0.1,0,0.6,4.2,0,0,-1.9
Markieff Morris,LAL ,31,61,32,29,19.7,6.7,2.5,6.2,40.5,1.1,3.4,31.1,0.6,0.8,72,0.8,3.6,4.4,1.2,0.9,0.4,0.3,1.7,14.8,2,0,0.3
Markelle Fultz,ORL ,23,8,6,2,26.9,12.9,5.1,13,39.4,0.5,2,25,2.1,2.4,89.5,0.6,2.5,3.1,5.4,2.3,1,0.3,2.3,26.2,1,0,-3.6
Marcus Smart,BOS ,27,48,24,24,32.9,13.1,4.2,10.6,39.8,1.9,5.9,33,2.7,3.4,79,0.8,2.7,3.5,5.7,2,1.5,0.5,2.6,29.7,3,0,1.9
Marcus Morris Sr.,LAC ,31,57,38,19,26.3,13.4,4.8,10.2,47.3,2.5,5.2,47.3,1.3,1.6,82,0.6,3.5,4.1,1,1,0.6,0.3,2.1,21.5,0,0,2.3
Marc Gasol,LAL ,36,52,32,20,19.1,5,1.7,3.7,45.4,1,2.3,41,0.7,1,72,0.7,3.4,4.1,2.1,1,0.5,1.1,2.2,17,0,0,1.7
Mamadi Diakite,MIL ,24,14,7,7,10.1,3.1,1.1,2.9,40,0.1,0.6,12.5,0.8,1,78.6,0.6,1.9,2.4,0.6,0.2,0.4,0.4,1.1,9.1,0,0,0.6
Malik Monk,CHA ,23,42,19,23,20.9,11.7,4.1,9.5,43.4,2,5,40.1,1.4,1.7,81.9,0.3,2.1,2.4,2.1,1.3,0.5,0.1,1.1,18,0,0,0.8
Malik Fitts,LAC ,23,3,3,0,3.6,1,0.3,1,33.3,0.3,0.7,50,0,0,0,0,1,1,0,0,0,0,1,2.2,0,0,-2
Malik Beasley,MIN ,24,37,8,29,32.8,19.6,7.1,16.2,44,3.5,8.7,39.9,1.8,2.2,85,0.8,3.6,4.4,2.4,1.6,0.8,0.2,1.7,29.8,0,0,-5.3
Malcolm Brogdon,IND ,28,56,27,29,34.5,21.2,7.9,17.5,45.3,2.6,6.7,38.8,2.7,3.2,86.4,1,4.2,5.3,5.9,2.1,0.9,0.3,2,37.7,6,0,-0.6
Malachi Flynn,TOR ,23,47,21,26,19.7,7.5,2.7,7.2,37.4,1.1,3.6,32.1,1,1.2,80.4,0.2,2.3,2.5,2.9,0.9,0.8,0.1,1.4,16.8,1,0,-2.1
Luke Kornet,BOS ,25,31,13,18,11.2,3.4,1.4,3.3,43.6,0.5,1.9,25.4,0.1,0.2,50,0.5,1.7,2.2,0.8,0.2,0.1,1,0.6,10.4,0,0,1.7
Luke Kennard,LAC ,25,63,44,19,19.6,8.3,3.1,6.6,47.6,1.6,3.6,44.6,0.4,0.5,83.9,0.2,2.3,2.6,1.7,0.8,0.4,0.1,1.4,14.6,1,0,-0.4
Luka Samanic,SAS ,21,33,14,19,9.3,3.7,1.4,3.2,44.8,0.4,1.3,27.9,0.5,0.9,55.2,0.5,1.6,2.1,0.5,0.6,0.2,0.2,1.3,7.7,0,0,-0.6
Luka Doncic,DAL ,22,66,40,26,34.3,27.7,9.8,20.5,47.9,2.9,8.3,35,5.2,7.1,73,0.8,7.2,8,8.6,4.3,1,0.5,2.3,50.5,26,11,2.5
Luguentz Dort,OKC ,22,52,18,34,29.7,14,4.8,12.3,38.7,2.2,6.3,34.3,2.3,3.2,74.4,0.7,2.9,3.6,1.7,1.5,0.9,0.4,2.6,23.1,0,0,-4.8
Louis King,SAC ,22,6,3,3,14.2,7.3,2.8,5.7,50,0.7,1.8,36.4,1,1,100,0.8,2.2,3,1.5,0.7,1.2,0.5,1.5,17.5,0,0,-0.5
Lou Williams,ATL ,34,66,44,22,21.6,11.3,4,9.8,41,1,2.6,39.9,2.3,2.6,86.7,0.3,1.8,2.1,3.4,1.6,0.7,0.1,0.9,19.7,2,0,1.2
Lonzo Ball,NOP ,23,55,23,32,31.8,14.6,5.3,12.7,41.4,3.1,8.3,37.8,0.9,1.2,78.1,0.6,4.2,4.8,5.7,2.2,1.5,0.6,1.9,32.9,5,1,0.9
Lonnie Walker IV,SAS ,22,60,28,32,25.4,11.2,4.3,10.2,42,1.7,4.7,35.5,1,1.2,81.4,0.2,2.4,2.6,1.7,1.1,0.5,0.3,1.7,17.9,0,0,-3.5
LeBron James,LAL ,36,45,30,15,33.4,25,9.4,18.3,51.3,2.3,6.3,36.5,4,5.7,69.8,0.6,7,7.7,7.8,3.7,1.1,0.6,1.6,47,18,5,6.4
Lauri Markkanen,CHI ,24,51,20,31,25.8,13.6,4.9,10.2,48,2.3,5.8,40.2,1.5,1.8,82.6,0.7,4.6,5.3,0.9,1,0.5,0.3,1.5,22.6,2,0,-0.9
Larry Nance Jr.,CLE ,28,35,13,22,31.2,9.3,3.7,7.8,47.1,1.2,3.3,36,0.9,1.4,61.2,1.5,5.2,6.7,3.1,1.6,1.7,0.5,2.1,27.1,5,0,-3.9
Langston Galloway,PHX ,29,40,29,11,10.9,4.8,1.7,3.7,44.9,0.9,2.1,42.4,0.6,0.6,95.7,0.2,0.9,1.1,0.7,0.3,0.2,0,0.6,7.3,0,0,0.9
Landry Shamet,BKN ,24,61,39,22,23,9.3,3,7.5,40.8,2.1,5.5,38.7,1.1,1.3,84.6,0.2,1.7,1.8,1.6,0.8,0.5,0.2,1.5,15.2,0,0,0.9
Lamar Stevens,CLE ,23,40,13,27,12.5,4.1,1.6,3.4,45.6,0.1,0.6,16,0.9,1.3,72.5,0.6,1.8,2.4,0.6,0.6,0.4,0.3,1.3,9.6,1,0,-2.9
LaMelo Ball,CHA ,19,51,23,28,28.8,15.7,5.7,13.2,43.6,1.8,5.1,35.2,2.5,3.2,75.8,1.2,4.7,5.9,6.1,2.8,1.6,0.4,2.7,35,7,1,-1.6
LaMarcus Aldridge,BKN ,35,26,15,11,25.9,13.5,5.4,11.4,47.3,1.2,3.1,38.8,1.6,1.8,87.2,0.7,3.8,4.5,1.9,1,0.4,1.1,1.8,25.4,1,0,-1.3
Kyrie Irving,BKN ,29,54,36,18,34.9,26.9,10.2,20.1,50.6,2.8,7,40.2,3.7,4,92.2,1,3.8,4.8,6,2.4,1.4,0.7,2.6,45.5,8,0,4.2
Kyle Lowry,TOR ,35,46,15,31,34.8,17.2,5.7,13,43.6,2.8,7.2,39.6,3,3.5,87.5,0.8,4.6,5.4,7.3,2.7,1,0.3,3.1,35.8,9,2,-0.1
Kyle Kuzma,LAL ,25,68,40,28,28.7,12.9,4.9,11.1,44.3,2,5.6,36.1,1,1.4,69.1,1.6,4.5,6.1,1.9,1.7,0.5,0.6,1.8,24.7,13,0,0
Kyle Guy,SAC ,23,31,11,20,7.6,2.8,0.9,2.8,33,0.4,1.5,28.3,0.5,0.6,80,0.2,1,1.1,1,0.4,0.2,0,0.6,5.9,0,0,-0.5
Kyle Anderson,MEM ,27,69,36,33,27.4,12.4,4.5,9.5,46.8,1.4,3.8,36,2.1,2.7,78.3,0.8,5,5.7,3.6,1.2,1.2,0.8,1.7,29.6,3,0,0.7
Kristaps Porzingis,DAL ,25,43,26,17,30.9,20.1,7.6,15.9,47.6,2.3,6,37.6,2.7,3.2,85.5,1.9,7,8.9,1.6,1.2,0.5,1.3,2.7,37.4,16,0,0.2
Kris Dunn,ATL ,27,4,1,3,11.4,1.3,0.3,3,8.3,0,0.5,0,0.8,1,75,0,1.5,1.5,0.5,0.8,0.5,0.5,2.5,6.1,0,0,-7.8
Kostas Antetokounmpo,LAL ,23,15,6,9,3.7,0.8,0.2,0.7,30,0,0,0,0.4,0.9,46.2,0.3,1,1.3,0.1,0.7,0.1,0.3,0.5,2.9,0,0,1.8
Kira Lewis Jr.,NOP ,20,54,23,31,16.7,6.4,2.4,6.2,38.6,0.7,2.2,33.3,0.8,0.9,84.3,0.2,1.1,1.3,2.3,0.6,0.7,0.2,1.6,13.4,0,0,0.4
Killian Tillie,MEM ,23,18,11,7,10.1,3.2,1.1,3.2,33.3,0.6,1.8,30.3,0.5,0.6,81.8,0.3,1,1.3,0.4,0.1,0.3,0.4,1.1,7.5,0,0,2.2
Killian Hayes,DET ,19,26,6,20,25.8,6.8,2.7,7.7,35.3,0.8,2.8,27.8,0.5,0.7,82.4,0.2,2.4,2.7,5.3,3.2,1,0.4,2.2,19,0,0,-5
Khyri Thomas,HOU ,25,5,1,4,30.6,16.4,6.4,13.2,48.5,1.8,5.4,33.3,1.8,1.8,100,1.4,2.2,3.6,5,1.2,1.8,1.2,1.6,36,0,0,2.8
Khris Middleton,MIL ,29,68,45,23,33.4,20.4,7.5,15.8,47.6,2.2,5.4,41.4,3.1,3.5,89.8,0.8,5.2,6,5.4,2.6,1.1,0.1,2.4,36.7,10,0,4.3
Khem Birch,TOR ,28,67,23,44,22.8,7.2,2.8,5.7,49.7,0.2,0.8,25,1.4,1.9,70.5,2.6,3.2,5.8,1.3,0.7,0.7,0.7,1.7,19.8,6,0,-1.9
Kevon Looney,GSW ,25,61,34,27,19,4.1,1.8,3.2,54.8,0.1,0.3,23.5,0.5,0.8,64.6,1.9,3.4,5.3,2,0.6,0.3,0.4,2.2,14.9,0,0,2.1
Kevin Porter Jr.,HOU ,21,26,4,22,32.1,16.6,6,14.1,42.5,1.9,6.2,31.1,2.7,3.6,73.4,0.8,3,3.8,6.3,3.5,0.7,0.3,2.3,30.2,4,0,-8.6
Kevin Love,CLE ,32,25,7,18,24.9,12.2,4.1,10.1,40.9,2.3,6.2,36.5,1.7,2,82.4,0.7,6.8,7.4,2.5,1.5,0.6,0.1,1,25.5,5,0,-2.9
Kevin Knox II,NYK ,21,42,26,16,11.1,3.9,1.3,3.4,39.2,0.8,2.1,39.3,0.4,0.5,80,0.2,1.2,1.5,0.5,0.4,0.3,0.1,0.9,7.2,0,0,-0.8
Kevin Huerter,ATL ,22,69,40,29,30.8,11.9,4.6,10.6,43.2,2,5.6,36.3,0.7,0.9,78.1,0.6,2.8,3.3,3.5,1.1,1.2,0.3,2.4,24.4,3,0,1
Kevin Durant,BKN ,32,35,23,12,33.1,26.9,9.3,17.2,53.7,2.4,5.4,45,6,6.8,88.2,0.4,6.7,7.1,5.6,3.4,0.7,1.3,2,46.3,12,0,8
Kentavious Caldwell-Pope,LAL ,28,67,39,28,28.4,9.7,3.3,7.6,43.1,1.8,4.4,41,1.4,1.7,86.6,0.4,2.3,2.7,1.9,1,0.9,0.4,1.7,18.8,1,0,2.1
Kent Bazemore,GSW ,31,67,35,32,19.9,7.2,2.6,5.9,44.9,1.1,2.7,40.8,0.8,1.2,69.2,0.4,3,3.4,1.6,1.2,1,0.5,2.4,17,1,0,2.5
Kenrich Williams,OKC ,26,66,21,45,21.6,8,3.3,6.2,53.3,0.8,1.8,44.4,0.5,1,57.1,1.3,2.9,4.1,2.3,1.2,0.8,0.3,2.2,18.5,0,0,-2.7
Kendrick Nunn,MIA ,25,56,31,25,29.5,14.6,5.7,11.8,48.5,2.2,5.7,38.1,1,1.1,93.3,0.4,2.8,3.2,2.6,1.4,0.9,0.3,1.9,24.5,0,0,-0.1
Kemba Walker,OKC ,31,43,22,21,31.8,19.3,6.6,15.7,42,3,8.2,36,3.1,3.5,89.9,0.4,3.6,4,4.9,2,1.1,0.3,1.4,33.6,0,0,2.2
Kelly Oubre Jr.,GSW ,25,55,27,28,30.7,15.4,5.8,13.2,43.9,1.6,5.2,31.6,2.2,3.2,69.5,1.5,4.5,6,1.3,1.3,1,0.8,2.2,28.7,6,0,-3.5
Kelly Olynyk,HOU ,30,70,26,44,28.5,13.5,4.8,10,48.4,1.8,5.3,34.2,2.1,2.5,82.9,1.2,5.7,7,2.9,1.8,1.1,0.6,3,29.6,12,0,-1.4
Keljin Blevins,POR ,25,17,11,6,4.4,0.7,0.3,1.2,25,0.1,0.5,25,0,0,0,0.2,0.4,0.6,0.2,0.3,0.1,0,0.5,1.8,0,0,-2.2
Keldon Johnson,SAS ,21,69,32,37,28.5,12.8,4.9,10.2,47.9,0.9,2.6,33.1,2.1,2.8,74,1.3,4.6,6,1.8,1.1,0.6,0.3,2.1,24.2,8,0,-2.5
Kelan Martin,IND ,25,35,16,19,9.2,4.5,1.8,3.9,44.9,0.7,1.7,40,0.3,0.3,90,0.5,1.7,2.2,0.5,0.5,0.3,0.3,1,9.1,0,0,2.7
Keita Bates-Diop,SAS ,25,30,13,17,8.2,2.6,1,2.2,44.8,0.2,0.6,29.4,0.5,0.7,66.7,0.3,1.3,1.6,0.4,0.2,0.4,0.2,0.4,6.6,0,0,-1.2
Kawhi Leonard,LAC ,30,52,36,16,34.1,24.8,8.9,17.5,51.2,1.9,4.9,39.8,5,5.7,88.5,1.1,5.4,6.5,5.2,2,1.6,0.4,1.6,44.2,9,0,8.6
Karl-Anthony Towns,MIN ,25,50,19,31,33.8,24.8,8.5,17.5,48.6,2.4,6.3,38.7,5.3,6.2,85.9,2.7,7.9,10.6,4.5,3.2,0.8,1.1,3.7,46.8,33,0,0.2
Karim Mane,ORL ,21,10,2,8,8.8,1.1,0.3,1.3,23.1,0.1,0.2,50,0.4,0.5,80,0.1,1.3,1.4,0.4,0.3,0,0.2,1,3.7,0,0,-2.2
KZ Okpala,MIA ,22,37,22,15,12.1,2.5,1,2.6,37.5,0.3,1.4,24,0.2,0.4,53.3,0.6,1.3,1.8,0.5,0.4,0.3,0.3,1.6,6.8,0,0,-1.8
KJ Martin,HOU ,20,45,10,35,23.7,9.3,3.6,7.1,50.9,0.8,2.1,36.5,1.3,1.9,71.4,1.6,3.8,5.4,1.1,0.8,0.7,0.9,2,21.3,4,0,-6.3
Juwan Morgan,UTA ,24,29,24,5,5.1,1.2,0.5,1,46.7,0.1,0.4,30.8,0.1,0.2,42.9,0.3,0.7,1,0.3,0.1,0.1,0,0.7,3.2,0,0,-3.7
Jusuf Nurkic,POR ,26,37,22,15,23.8,11.5,4.6,9,51.4,0.3,0.8,40,1.9,3.1,61.9,2.3,6.6,9,3.4,2,1,1.1,2.8,31.6,13,0,3.4
Justise Winslow,MEM ,25,26,13,13,19.5,6.8,2.8,8.1,35.2,0.4,2.1,18.5,0.8,1.3,57.1,0.7,3.8,4.5,1.9,1.4,0.6,0.5,1.8,16.9,1,0,-3
Justin Robinson,OKC ,23,9,0,9,9.7,2.3,0.8,2.3,33.3,0.4,1.6,28.6,0.3,0.6,60,0.1,0.7,0.8,1,0.2,0.3,0,1.1,5.5,0,0,-5
Justin Patton,HOU ,24,13,1,12,19,5.4,2.2,5.4,41.4,0.7,2.6,26.5,0.2,0.3,75,1.1,2.7,3.8,1.1,0.3,0.9,1.1,2.6,17.2,0,0,-6.2
Justin James,SAC ,24,36,15,21,8.6,3.9,1.4,3.1,46.8,0.4,1.1,36.8,0.6,1,58.3,0.3,0.6,0.8,0.6,0.4,0.2,0.1,0.6,6.3,0,0,-1.6
Justin Jackson,MIL ,26,34,12,22,17,7.2,2.6,6.5,40.3,1.1,3.4,30.8,0.9,1.1,83.8,0.5,1.8,2.3,1.5,0.9,0.4,0.1,0.9,12.8,0,0,-1.2
Justin Holiday,IND ,32,72,34,38,30.3,10.5,3.6,8.7,41.3,2.4,6.3,38.2,0.9,1.2,78.8,0.4,3.1,3.6,1.7,0.8,1,0.6,1.9,21.3,0,0,-0.6
Julius Randle,NYK ,26,71,40,31,37.6,24.1,8.5,18.6,45.6,2.3,5.5,41.1,4.9,6,81.1,1.2,9,10.2,6,3.4,0.9,0.3,3.2,45.4,41,6,2.2
Juancho Hernangomez,MIN ,25,52,19,33,17.3,7.2,2.5,5.8,43.5,1.1,3.2,32.7,1.2,1.9,61.9,0.9,3.1,3.9,0.7,0.5,0.4,0.1,1,13.9,0,0,-1.4
Juan Toscano-Anderson,GSW ,28,53,28,25,20.9,5.7,2.3,3.9,57.9,0.7,1.7,40.2,0.4,0.6,71,0.5,3.9,4.4,2.8,1.2,0.8,0.5,2.1,17.9,0,0,1.8
Jrue Holiday,MIL ,31,59,41,18,32.3,17.7,7,13.9,50.3,1.9,4.8,39.2,1.8,2.3,78.7,1.2,3.3,4.5,6.1,2.2,1.6,0.6,1.7,36.9,10,0,6.4
Josh Richardson,DAL ,27,59,35,24,30.3,12.1,4.5,10.5,42.7,1.5,4.5,33,1.7,1.8,91.7,0.9,2.4,3.3,2.6,1.3,1,0.4,2.2,23,0,0,-0.8
Josh Okogie,MIN ,22,59,21,38,20.3,5.4,1.7,4.3,40.2,0.5,1.8,26.9,1.4,1.8,76.9,1.1,1.6,2.6,1.1,0.7,0.9,0.5,2.1,13.6,0,0,-3.3
Josh Jackson,DET ,24,62,16,46,25.2,13.4,4.8,11.4,41.9,1.2,4.1,30,2.6,3.5,72.9,0.9,3.2,4.1,2.3,2.3,0.9,0.8,2.9,24.3,2,0,-2
Josh Hart,NOP ,26,47,21,26,28.7,9.2,3.2,7.3,43.9,1.3,4.1,32.6,1.5,1.9,77.5,1.1,6.9,8,2.3,1,0.8,0.3,2.4,24.5,7,0,0
Josh Hall,OKC ,20,21,2,19,16,4.1,1.4,4.7,30.3,0.2,1.8,10.8,1,2.1,50,0.3,2.5,2.8,1.3,1.2,0.2,0,1.8,9,1,0,-4.8
Josh Green,DAL ,20,39,20,19,11.4,2.6,1.1,2.4,45.2,0.1,0.6,16,0.3,0.6,56.5,0.7,1.3,2,0.7,0.4,0.4,0.1,0.9,7.1,0,0,0.4
Jordan Poole,GSW ,22,51,28,23,19.4,12,4,9.3,43.2,1.9,5.4,35.1,2.1,2.3,88.2,0.3,1.5,1.8,1.9,1,0.5,0.2,1.7,18.1,0,0,0.6
Jordan Nwora,MIL ,22,30,19,11,9.1,5.7,2.1,4.5,45.9,0.9,2.1,45.2,0.6,0.8,76,0.3,1.7,2,0.2,0.8,0.6,0.3,0.7,10.2,2,0,-0.1
Jordan McLaughlin,MIN ,25,51,15,36,18.4,5,2,4.7,41.3,0.6,1.8,35.9,0.5,0.6,76.7,0.4,1.7,2.1,3.8,1,1,0.1,0.9,15.6,0,0,-2.6
Jordan Clarkson,UTA ,29,68,49,19,26.7,18.4,6.7,15.8,42.5,3.1,8.8,34.7,1.9,2.1,89.6,0.7,3.3,4,2.5,1.7,0.9,0.1,1.6,28.4,0,0,4.4
Jordan Bone,ORL ,23,14,2,12,14,4,1.6,3.9,42.6,0.7,2.3,31.3,0,0,0,0.3,1.4,1.7,1.3,0.2,0.1,0,0.8,8.2,0,0,-4.2
Jordan Bell,GSW ,26,6,3,3,13.6,2.5,1.2,3.7,31.8,0,0.3,0,0.2,0.3,50,1.2,2.8,4,1.2,0.7,0.5,0.8,1.2,12.4,0,0,-5.3
Jontay Porter,MEM ,21,11,7,4,4.9,2,0.7,1.4,53.3,0.3,0.7,37.5,0.3,0.5,60,0.4,0.9,1.3,0.1,0.6,0.3,0.1,1.1,4.1,0,0,0.1
Jonas Valanciunas,MEM ,29,62,32,30,28.3,17.1,7.1,12,59.2,0.3,0.9,36.8,2.5,3.3,77.3,4.1,8.4,12.5,1.8,1.6,0.6,0.9,2.9,37.6,49,0,2.2
John Wall,HOU ,30,40,12,28,32.2,20.6,7.3,18.2,40.4,2,6.2,31.7,4,5.3,74.9,0.4,2.8,3.2,6.9,3.5,1.1,0.8,1.2,36.7,7,1,-4.2
John Konchar,MEM ,25,43,23,20,13.4,4.3,1.6,3.2,50,0.5,1.3,37.5,0.6,0.7,83.3,0.8,2.2,3,1.1,0.4,0.7,0.2,0.9,11.8,0,0,0.4
John Collins,ATL ,23,63,34,29,29.3,17.6,6.8,12.2,55.6,1.3,3.3,39.9,2.7,3.2,83.3,1.9,5.5,7.4,1.2,1.3,0.5,1,3.1,31.7,16,0,2.9
Joel Embiid,PHI ,27,51,39,12,31.1,28.5,9,17.6,51.3,1.1,3,37.7,9.2,10.7,85.9,2.2,8.4,10.6,2.8,3.1,1,1.4,2.4,49.3,31,0,7.9
Joe Ingles,UTA ,33,67,47,20,27.9,12.1,4.1,8.4,48.9,2.7,6.1,45.1,1.1,1.3,84.4,0.4,3.2,3.6,4.7,1.7,0.7,0.2,1.8,24.4,2,0,6.8
Joe Harris,BKN ,29,69,45,24,31,14.1,5.2,10.2,50.5,3.1,6.4,47.5,0.7,0.9,77.8,0.6,3,3.6,1.9,0.9,0.7,0.2,2,23,0,0,5.1
Jimmy Butler,MIA ,31,52,33,19,33.6,21.5,7,14.2,49.7,0.5,2,24.5,6.9,8,86.3,1.8,5.1,6.9,7.1,2.1,2.1,0.3,1.4,45.6,17,4,3.8
Jevon Carter,PHX ,25,60,42,18,11.9,4.1,1.6,3.7,42.2,0.9,2.5,37.1,0.1,0.1,57.1,0.3,1.3,1.5,1.2,0.3,0.5,0.2,0.9,9.4,1,0,0.5
Jerome Robinson,WAS ,24,17,5,12,17.9,4.9,1.6,5.6,29.5,0.6,2.5,26.2,0.9,1.2,80,0.2,2,2.2,1.5,1.1,0.7,0.4,1.8,11.8,0,0,-5.9
Jeremy Lamb,IND ,29,36,16,20,21.3,10.1,3.3,7.7,43.5,1.4,3.6,40.6,2,2.1,94.7,0.7,2.9,3.6,1.5,0.6,0.9,0.6,2,20.8,0,0,-0.4
Jeremiah Martin,CLE ,25,9,0,9,8.4,2.4,1,3.7,27.3,0.3,1.3,25,0.1,0.6,20,0.2,0.6,0.8,0.4,0.7,0.6,0.2,0.1,5.7,0,0,-2.9
Jerami Grant,DET ,27,54,15,39,33.9,22.3,7.4,17.3,42.9,2.1,6.1,35,5.4,6.4,84.5,0.6,4,4.6,2.8,2,0.6,1.1,2.3,35.2,3,0,-2.2
Jeff Teague,MIL ,33,55,27,28,17.3,6.7,2.2,5.2,43.3,0.7,1.5,43.9,1.6,1.9,84.8,0.3,1.3,1.6,2.4,1.2,0.6,0.2,1,13.6,0,0,1
Jeff Green,BKN ,34,68,44,24,27,11,3.8,7.8,49.2,1.5,3.7,41.2,1.8,2.4,77.6,0.5,3.4,3.9,1.6,0.8,0.5,0.4,1.8,20,0,0,1.7
Jayson Tatum,BOS ,23,64,34,30,35.8,26.4,9.5,20.6,45.9,2.9,7.6,38.6,4.6,5.3,86.8,0.8,6.6,7.4,4.3,2.7,1.2,0.5,1.9,44.1,15,1,2.5
Jaylen Nowell,MIN ,21,42,10,32,18.1,9,3.4,8,42.4,1.2,3.6,33.3,1.1,1.3,81.8,0.5,1.8,2.3,1.5,0.7,0.5,0.3,1.7,15.7,0,0,-2.4
Jaylen Hoard,OKC ,22,19,1,18,16.8,6.1,2.3,4.6,50,0,0.6,0,1.5,2.2,68.3,1.1,2.3,3.4,1.3,0.9,0.7,0.3,1,14.1,0,0,-3.3
Jaylen Brown,BOS ,24,58,30,28,34.5,24.7,9.3,19.2,48.4,2.8,7.1,39.7,3.3,4.3,76.4,1.2,4.8,6,3.4,2.7,1.2,0.6,2.9,39.5,10,0,1.2
Jaylen Adams,MIL ,25,7,5,2,2.6,0.3,0.1,1.1,12.5,0,0.3,0,0,0,0,0,0.4,0.4,0.3,0,0,0,0.1,1.2,0,0,-1.7
Jay Scrubb,LAC ,20,4,2,2,21,8.8,3.5,9,38.9,0.5,2.3,22.2,1.3,1.3,100,0.5,3,3.5,0.3,1.8,1,0,1.3,14.6,0,0,0.5
Jaxson Hayes,NOP ,21,60,24,36,16.1,7.5,2.9,4.7,62.5,0.1,0.2,42.9,1.6,2,77.5,1.5,2.8,4.3,0.6,0.7,0.4,0.6,1.7,16,0,0,-0.4
Javonte Green,CHI ,27,41,19,22,11.6,3.6,1.3,2.5,52,0.2,0.7,33.3,0.7,1,75,0.6,1.1,1.7,0.4,0.5,0.7,0.1,1.1,8.3,0,0,0.4
Jarrett Culver,MIN ,22,34,7,27,14.7,5.3,2,4.9,41.1,0.4,1.6,24.5,0.9,1.4,60.4,1,2.1,3.1,0.7,0.8,0.5,0.3,1.7,11.5,1,0,-3.9
Jarrett Allen,CLE ,23,63,20,43,29.6,12.8,4.7,7.7,61.8,0.1,0.3,31.6,3.2,4.6,70.3,3.1,6.9,10,1.7,1.6,0.5,1.4,1.5,31.6,25,0,-3.2
Jarrell Brantley,UTA ,25,28,23,5,4.9,2.3,0.9,1.9,48.1,0.4,1,42.9,0.1,0.1,100,0.3,0.6,1,0.5,0.3,0.3,0.1,0.6,4.9,0,0,-0.9
Jarred Vanderbilt,MIN ,22,64,18,46,17.8,5.4,2.2,3.7,60.6,0,0.1,20,0.9,1.6,55.9,1.8,3.9,5.8,1.2,0.8,1,0.7,1.9,18.4,3,0,-0.8
Jaren Jackson Jr.,MEM ,21,11,4,7,23.5,14.4,4.8,11.4,42.4,1.5,5.5,28.3,3.2,3.8,83.3,1.5,4.1,5.6,1.1,1.4,1.1,1.6,3.8,29.6,0,0,-5.8
Jared Harper,NYK ,23,8,5,3,2,0.4,0,0.5,0,0,0.1,0,0.4,0.5,75,0,0.3,0.3,0.1,0.4,0,0,0.1,0.5,0,0,-0.6
Jared Dudley,LAL ,35,12,7,5,6.7,0.5,0.2,0.8,22.2,0.2,0.5,33.3,0,0,0,0.3,1.4,1.8,0.4,0.2,0.1,0.1,0.6,3.6,0,0,0.2
James Wiseman,GSW ,20,39,18,21,21.4,11.5,4.9,9.4,51.9,0.3,1,31.6,1.4,2.2,62.8,1.4,4.4,5.8,0.7,1.5,0.3,0.9,3.1,21.5,3,0,-4.7
James Nunnally,NOP ,30,9,3,6,5.3,1.7,0.6,1.4,38.5,0.4,1.3,33.3,0.1,0.2,50,0.2,0.8,1,0.3,0.2,0,0,0.1,3.1,0,0,-0.4
James Johnson,NOP ,34,51,21,30,20.5,7.2,2.9,6.4,44.6,0.6,2.4,25.8,0.9,1.5,59.2,0.6,2.8,3.5,1.9,1.1,0.8,0.8,2.4,18.1,0,0,-2.5
James Harden,BKN ,31,44,31,13,36.6,24.6,7.8,16.7,46.6,2.8,7.6,36.2,6.3,7.3,86.1,0.8,7.1,7.9,10.8,4,1.2,0.8,2.3,52.1,32,12,2.3
James Ennis III,ORL ,30,41,12,29,24.1,8.4,2.8,5.9,47.3,1.1,2.5,43.3,1.7,2.1,80.5,1,3,4,1.5,0.9,0.8,0.2,2,17.5,1,0,-1.8
Jamal Murray,DEN ,24,48,31,17,35.5,21.2,7.9,16.5,47.7,2.7,6.6,40.8,2.8,3.2,86.9,0.8,3.3,4,4.8,2.3,1.3,0.3,2,35.8,1,0,6.3
Jalen Smith,PHX ,21,27,19,8,5.8,2,0.8,1.9,44,0.1,0.6,23.5,0.2,0.3,71.4,0.3,1.1,1.4,0.1,0.3,0,0.1,0.6,4.1,1,0,-0.6
Jalen McDaniels,CHA ,23,47,18,29,19.2,7.4,2.8,6,46.8,0.7,2.2,33.3,1,1.4,70.3,1,2.6,3.6,1.1,1,0.6,0.4,2,15.4,2,0,-3.8
Jalen Lecque,IND ,21,4,2,2,3,1.3,0.3,2.3,11.1,0,0.3,0,0.8,0.8,100,0.5,0.8,1.3,0.5,0,0,0,0,3.5,0,0,-1
Jalen Harris,TOR ,22,13,3,10,13.2,7.4,2.8,5.5,50,1.3,2.8,47.2,0.5,0.7,77.8,0.2,1.2,1.4,1.3,1.1,0.6,0,1.2,11.8,0,0,-0.1
Jalen Brunson,DAL ,24,68,40,28,25,12.6,4.8,9.2,52.3,1.2,2.9,40.5,1.8,2.2,79.5,0.4,3,3.4,3.5,1.2,0.5,0,1.6,22.4,1,0,2.4
Jakob Poeltl,SAS ,25,69,32,37,26.7,8.6,3.8,6.2,61.6,0,0,0,0.9,1.8,50.8,3.2,4.8,7.9,1.9,1.2,0.7,1.8,2.5,27.2,15,0,1.6
Jake Layman,MIN ,27,45,12,33,13.9,5.1,2,4.1,49.5,0.5,1.7,29.5,0.6,0.8,70.3,0.3,1.2,1.5,0.6,0.6,0.6,0.4,1,10.5,0,0,-1.8
Jahmi'us Ramsey,SAC ,20,13,5,8,7.3,3.1,1.2,2.9,39.5,0.4,1.5,26.3,0.4,0.4,100,0.2,0.6,0.8,0.5,0.2,0.3,0.1,0.6,5.6,0,0,0.2
Jahlil Okafor,DET ,25,27,5,22,12.9,5.4,2.3,3.8,61.8,0.1,0.3,22.2,0.6,0.9,70.8,0.9,1.6,2.4,0.5,0.8,0.2,0.2,1.4,9.5,0,0,-3.1
Jae'Sean Tate,HOU ,25,70,17,53,29.2,11.3,4.5,8.9,50.6,0.9,2.8,30.8,1.5,2.1,69.4,1.9,3.5,5.3,2.5,1.4,1.2,0.5,3.2,25.4,3,0,-2.7
Jae Crowder,PHX ,30,60,42,18,27.5,10.1,3.3,8.2,40.4,2.5,6.3,38.9,1,1.3,76,0.5,4.2,4.7,2.1,0.9,0.8,0.5,2.1,21.7,0,0,3.6
Jaden McDaniels,MIN ,20,63,18,45,24,6.8,2.6,5.8,44.7,1.1,3.1,36.4,0.4,0.7,60,0.8,2.9,3.7,1.1,0.7,0.6,1,2.7,16.7,0,0,-1.6
Jabari Parker,BOS ,26,13,4,9,12.7,5.5,2.3,4.2,54.5,0.2,0.8,18.2,0.8,1,76.9,0.8,2.5,3.2,0.8,0.8,0.1,0.4,1,11.3,0,0,-1.1
JaVale McGee,DEN ,33,46,21,25,14.7,7.3,3.1,6.1,51.1,0.1,0.5,20.8,1,1.5,65.7,1.7,3.5,5.2,0.8,1.3,0.4,1.2,2.6,18.3,1,0,-1.9
JaMychal Green,DEN ,31,58,38,20,19.3,8.1,3,6.4,46.3,1.4,3.4,39.9,0.8,1,80.7,1.5,3.3,4.8,0.9,0.9,0.4,0.4,2.5,16.8,1,0,1.7
JaKarr Sampson,IND ,28,29,14,15,10.9,4.6,1.9,3.9,49.6,0.1,0.5,20,0.7,1,65.5,0.9,1.7,2.7,0.1,0.5,0.1,0.5,1.8,9.2,0,0,0.1
Ja Morant,MEM ,21,63,33,30,32.6,19.1,6.8,15.2,44.9,1.2,3.8,30.3,4.3,5.9,72.8,0.9,3.1,4,7.4,3.2,0.9,0.2,1.4,35.1,14,1,1.7
JJ Redick,DAL ,37,44,22,22,16.4,7.4,2.4,6.1,39.7,1.5,4,37.1,1.1,1.2,94.2,0.1,1.4,1.5,1.2,0.8,0.3,0.1,1.1,11.1,0,0,0
Ivica Zubac,LAC ,24,72,47,25,22.3,9,3.6,5.5,65.2,0,0.1,25,1.9,2.4,78.9,2.6,4.6,7.2,1.3,1.1,0.3,0.9,2.6,22,13,0,2.5
Ish Smith,WAS ,32,44,23,21,21,6.7,2.9,6.8,43.4,0.4,1.1,36.7,0.4,0.8,57.6,0.5,2.9,3.4,3.9,0.9,0.7,0.3,1.4,18.8,0,0,1.2
Isaiah Thomas,NOP ,32,3,1,2,16.1,7.7,3,9,33.3,1,4,25,0.7,0.7,100,0.3,1,1.3,1.7,2,0.3,0,1,10.8,0,0,2.7
Isaiah Stewart,DET ,20,68,20,48,21.4,7.9,3.3,6,55.3,0.3,0.9,33.3,0.9,1.4,69.6,2.3,4.3,6.7,0.9,1,0.6,1.3,2.7,21.7,8,0,-0.9
Isaiah Roby,OKC ,23,61,19,42,23.4,8.7,3.4,7,48.3,0.5,1.8,29.4,1.4,1.9,74.4,1.5,4.1,5.6,1.8,1.9,0.9,0.6,2.7,20.6,3,0,-7.2
Isaiah Joe,PHI ,21,41,22,19,9.3,3.7,1.2,3.2,36.1,1,2.6,36.8,0.4,0.6,75,0.1,0.7,0.9,0.5,0.3,0.3,0.1,0.8,6.4,0,0,0
Isaiah Hartenstein,CLE ,23,46,20,26,12.1,5.1,2,3.7,55,0,0.1,33.3,1,1.5,64.8,1.4,2.5,3.9,1.2,1,0.4,0.8,2.3,14.5,1,0,0
Isaac Okoro,CLE ,20,67,20,47,32.4,9.6,3.5,8.3,42,0.9,3.2,29,1.7,2.3,72.6,1,2.1,3.1,1.9,1.3,0.9,0.4,2.8,18.8,1,0,-6.1
Isaac Bonga,WAS ,21,40,16,24,10.8,2,0.8,2,37,0.3,1.2,27.7,0.1,0.2,62.5,0.5,1.2,1.7,0.6,0.6,0.3,0.2,1.6,5.7,0,0,-0.9
Immanuel Quickley,NYK ,22,64,37,27,19.4,11.4,3.6,9.1,39.5,1.8,4.7,38.9,2.4,2.7,89.1,0.4,1.8,2.1,2,0.9,0.5,0.2,1.8,18,0,0,2.8
Iman Shumpert,BKN ,31,2,1,1,5.5,1,0.5,2,25,0,1.5,0,0,0,0,0.5,0,0.5,0,0.5,0.5,0,0,2.6,0,0,-0.5
Ignas Brazdeikis,ORL ,22,13,3,10,19.1,7,2.7,6.4,42.2,0.8,2.2,39.3,0.8,1.1,71.4,0.8,2.6,3.5,1.3,0.9,0.3,0.2,1.7,13.8,0,0,-2.1
Henry Ellenson,TOR ,24,2,0,2,19.2,7.5,2.5,7,35.7,1,4.5,22.2,1.5,2,75,1.5,4.5,6,2.5,0,0,0,3.5,18.5,0,0,3.5
Hassan Whiteside,SAC ,32,36,16,20,15.2,8.1,3.5,6.2,56.3,0,0,0,1.1,2.2,51.9,1.7,4.3,6,0.6,1.1,0.3,1.3,2,19.6,4,0,-2.9
Harry Giles III,POR ,23,38,23,15,9.2,2.8,1.1,2.6,43.3,0.2,0.6,34.8,0.4,0.7,59.3,0.8,2.7,3.5,0.8,0.5,0.2,0.3,1.4,9.3,0,0,-2.1
Harrison Barnes,SAC ,29,58,25,33,36.2,16.1,5.5,11.1,49.7,1.7,4.4,39.1,3.4,4.1,83,1.1,5.5,6.6,3.5,1.6,0.7,0.2,1.3,30.4,6,0,-1
Hamidou Diallo,DET ,22,52,18,34,23.6,11.6,4.3,9,47.7,0.5,1.6,34.1,2.5,3.8,64,1.1,4.1,5.2,1.9,1.5,0.8,0.5,2.6,23.1,7,0,-3.7
Greg Whittington,DEN ,28,4,3,1,3,0,0,0.8,0,0,0.5,0,0,0,0,0,0,0,0,0,0,0,0,0,0,0,2.3
Grayson Allen,MEM ,25,50,26,24,25.2,10.6,3.5,8.3,41.8,2.1,5.5,39.1,1.6,1.8,86.8,0.4,2.8,3.2,2.2,1,0.9,0.2,1.4,20,0,0,0.2
Grant Williams,BOS ,22,63,30,33,18.1,4.7,1.7,3.9,43.7,0.8,2,37.2,0.5,0.8,58.8,0.8,2.1,2.8,1,0.9,0.5,0.4,2.6,11.4,0,0,-0.8
Grant Riller,CHA ,24,7,2,5,3.9,2.6,1.1,1.7,66.7,0.3,0.6,50,0,0,0,0,0.1,0.1,0.4,0.1,0.1,0,0,3.7,0,0,-0.6
Gorgui Dieng,SAS ,31,38,14,24,14.5,6.8,2.2,4.3,52.1,0.8,1.8,42.9,1.5,1.8,86.6,1.1,2.6,3.7,1.3,0.8,0.7,0.4,1.5,15.6,0,0,-1.8
Gordon Hayward,CHA ,31,44,24,20,34,19.6,7.1,15,47.3,1.9,4.7,41.5,3.5,4.2,84.3,0.8,5,5.9,4.1,2.1,1.2,0.3,1.7,35.3,2,0,0.4
Goran Dragic,MIA ,35,50,30,20,26.7,13.4,4.8,11.1,43.2,1.8,4.9,37.3,2,2.4,82.8,0.5,2.9,3.4,4.4,2.4,0.7,0.2,2.3,24.2,1,0,0.8
Goga Bitadze,IND ,21,45,19,26,12.5,5.1,1.8,4.3,42.8,0.4,1.8,25.3,1,1.4,73.8,1.3,2,3.3,0.8,0.4,0.2,1.3,2.1,14.6,0,0,-0.4
Glenn Robinson III,SAC ,27,23,9,14,16.1,5.3,1.8,4.3,42.4,0.7,1.9,36.4,0.9,1,91.3,0.5,1.5,2,0.9,0.5,0.2,0.1,1,9.3,0,0,-5.7
Giannis Antetokounmpo,MIL ,26,61,40,21,33,28.1,10.3,18,56.9,1.1,3.6,30.3,6.5,9.5,68.5,1.6,9.4,11,5.9,3.4,1.2,1.2,2.8,53.9,41,7,6.7
Georges Niang,UTA ,28,72,52,20,16,6.9,2.5,5.6,43.7,1.7,4.1,42.5,0.3,0.3,95.7,0.4,2.1,2.4,0.8,0.7,0.3,0.1,1.6,11.8,1,0,4.9
George Hill,PHI ,35,30,16,14,22.4,8.7,3.2,6.6,48.2,1,2.7,38.8,1.3,1.7,80,0.5,1.5,2,2.4,1,0.8,0.2,1,16.6,0,0,-0.3
Gary Trent Jr.,TOR ,22,58,29,29,31.1,15.3,5.5,13.5,40.8,2.8,7.4,38.5,1.4,1.8,78.3,0.5,2.2,2.6,1.4,0.7,1,0.2,1.6,23.2,0,0,-1
Gary Payton II,GSW ,28,10,7,3,4,2.5,1,1.3,76.9,0.2,0.4,50,0.3,0.4,75,0.2,0.9,1.1,0.1,0.1,0.6,0.1,0.8,6,0,0,0.1
Gary Harris,ORL ,26,39,15,24,27.7,9.9,3.5,8.8,40,1.2,3.6,34,1.6,2,82.1,0.5,1.5,2,2,0.9,0.7,0.3,1.8,17.4,0,0,-2.1
Gary Clark,PHI ,26,39,12,27,16.8,3.1,1,3.4,30.3,0.8,2.8,28.7,0.2,0.3,80,0.8,2.1,2.9,0.8,0.4,0.3,0.2,0.9,8.9,0,0,-2.8
Garrison Mathews,WAS ,24,64,32,32,16.2,5.5,1.5,3.7,40.9,1.2,3.1,38.4,1.3,1.5,88.4,0.3,1.1,1.4,0.4,0.2,0.5,0.1,1.7,9.3,0,0,-2.1
Garrett Temple,CHI ,35,56,25,31,27.3,7.6,2.8,6.8,41.5,1.2,3.6,33.5,0.7,0.9,80,0.5,2.3,2.9,2.2,1,0.8,0.5,2.3,17.2,0,0,0.9
Gabriel Deck,OKC ,26,10,1,9,21.2,8.4,3.2,6.7,47.8,0.2,1.5,13.3,1.8,2.2,81.8,1.6,2.4,4,2.4,0.6,0.8,0,0.9,18.6,0,0,-5.1
Gabe Vincent,MIA ,25,50,27,23,13.1,4.8,1.8,4.7,37.8,0.9,3,30.9,0.4,0.5,87,0.2,0.9,1.1,1.3,0.7,0.4,0,1.6,8.9,1,0,-1.5
Furkan Korkmaz,PHI ,23,55,39,16,19.3,9.1,3.1,7.7,40.1,1.8,4.9,37.5,1.1,1.5,73.2,0.3,1.7,2.1,1.5,0.8,0.9,0.2,1.2,16.1,0,0,2.6
Freddie Gillespie,TOR ,24,20,7,13,19.6,5.6,2.2,4.2,52.4,0,0,0,1.2,1.7,69.7,2.1,2.8,4.9,0.5,0.6,0.7,1,2.2,16.4,0,0,-3.9
Fred VanVleet,TOR ,27,52,22,30,36.5,19.6,6.5,16.7,38.9,3.3,9.2,36.6,3.3,3.7,88.5,0.6,3.6,4.2,6.3,1.8,1.7,0.7,2.3,39.5,5,0,2.7
Frank Ntilikina,NYK ,22,33,23,10,9.8,2.7,0.9,2.4,36.7,0.7,1.5,47.9,0.2,0.5,44.4,0.2,0.8,0.9,0.6,0.3,0.5,0.1,1.4,6.4,0,0,-1
Frank Mason III,ORL ,27,4,1,3,19.8,6.3,2.3,6,37.5,0.5,1.3,40,1.3,1.8,71.4,0.8,2.3,3,3,1.3,0,0,1.8,13.1,0,0,-4.8
Frank Kaminsky,PHX ,28,47,33,14,15.2,6.6,2.6,5.5,47.1,0.7,1.8,36.5,0.8,1.3,61.7,0.8,3.2,4,1.7,0.5,0.3,0.4,1.5,15.4,2,0,1.2
Frank Jackson,DET ,23,40,13,27,18.5,9.8,3.4,7.3,45.7,1.5,3.8,40.7,1.5,1.9,81.3,0.4,1.8,2.2,0.9,0.9,0.4,0,1.3,14,0,0,-0.3
Facundo Campazzo,DEN ,30,65,43,22,21.9,6.1,1.8,4.8,38.1,1.2,3.3,35.2,1.2,1.4,87.9,0.3,1.7,2.1,3.6,1.1,1.2,0.2,2,17.1,1,0,1.2
Evan Fournier,BOS ,28,42,18,24,30,17.1,5.9,12.9,45.7,2.8,6.7,41.3,2.6,3.3,78.8,0.2,2.8,3,3.4,1.7,1.1,0.5,2.3,28.9,0,0,-0.8
Ersan Ilyasova,UTA ,34,17,14,3,8.7,3.8,1.2,3.2,38.9,1.1,2.4,43.9,0.3,0.3,100,0.4,1.3,1.7,0.2,0.5,0.6,0.2,1.7,8,0,0,0.9
Eric Paschall,GSW ,24,40,20,20,17.4,9.5,3.7,7.5,49.7,0.5,1.4,33.3,1.7,2.4,71.3,0.7,2.5,3.2,1.3,1.1,0.3,0.2,1.7,15.6,0,0,-2.8
Eric Gordon,HOU ,32,27,10,17,29.2,17.8,5.9,13.6,43.3,2.6,7.8,32.9,3.5,4.2,82.5,0.3,1.9,2.1,2.6,1.9,0.5,0.5,1.6,25.4,0,0,-2.5
Eric Bledsoe,NOP ,31,71,31,40,29.7,12.2,4.3,10.3,42.1,1.7,5,34.1,1.9,2.7,68.7,0.4,3,3.4,3.8,1.6,0.8,0.3,1.6,23.8,4,0,-0.9
Enes Kanter,POR ,29,72,42,30,24.4,11.2,4.7,7.8,60.4,0,0.1,25,1.8,2.3,77.4,3.9,7.1,11,1.2,1.1,0.5,0.7,2.3,28.5,34,0,2.2
Elijah Hughes,UTA ,23,18,14,4,3.5,1.7,0.6,1.7,33.3,0.4,1.3,34.8,0.2,0.2,75,0.1,0.4,0.5,0.3,0.3,0.1,0.1,0.1,2.8,0,0,-2.1
Elijah Bryant,MIL ,26,1,0,1,31.6,16,6,13,46.2,1,5,20,3,3,100,2,4,6,3,4,0,1,4,26.7,0,0,11
Elfrid Payton,NYK ,27,63,36,27,23.6,10.1,4.3,9.9,43.2,0.4,1.6,28.6,1.2,1.7,68.2,1,2.4,3.4,3.2,1.6,0.7,0.1,1.8,20.1,0,0,-1.6
Edmond Sumner,IND ,25,53,23,30,16.2,7.5,2.8,5.3,52.5,0.7,1.7,39.8,1.3,1.6,81.9,0.3,1.4,1.8,0.9,1,0.6,0.2,1.7,12.5,0,0,-0.6
Ed Davis,MIN ,32,23,5,18,13,2.1,0.8,1.9,43.2,0,0,0,0.4,0.5,83.3,2,3,5,0.9,0.3,0.6,0.6,2.4,12.5,0,0,-2
E'Twaun Moore,PHX ,32,27,20,7,14.4,4.9,2,4.5,45.5,0.4,1.3,31.4,0.4,0.5,85.7,0.5,1.1,1.7,1.5,0.9,0.6,0.2,1.2,10.5,0,0,0.3
Dylan Windler,CLE ,24,31,11,20,16.5,5.2,1.8,4.2,43.8,0.8,2.5,33.8,0.7,0.9,77.8,0.6,2.8,3.5,1.1,1,0.6,0.4,1.2,12.9,1,0,-2
Dwight Powell,DAL ,29,58,36,22,16.6,5.9,2.1,3.3,61.9,0.1,0.4,23.8,1.7,2.1,78.2,1.4,2.7,4,1.1,0.7,0.6,0.5,2.3,15.1,1,0,1.3
Dwight Howard,PHI ,35,69,46,23,17.3,7,2.6,4.4,58.7,0.1,0.3,25,1.8,3,57.6,2.8,5.7,8.4,0.9,1.6,0.4,0.9,2.9,20.8,12,0,-1
Dwayne Bacon,ORL ,25,72,21,51,25.7,10.9,4.1,10.1,40.2,0.8,2.9,28.5,2,2.4,82.4,0.4,2.7,3.1,1.3,0.6,0.6,0.1,1.4,18.1,0,0,-6.2
Duncan Robinson,MIA ,27,72,40,32,31.4,13.1,4.4,10,43.9,3.5,8.5,40.8,0.9,1,82.7,0.1,3.4,3.5,1.8,1.1,0.6,0.3,2.5,21.4,1,0,1.6
Drew Eubanks,SAS ,24,54,21,33,14,5.8,2.1,3.8,56.6,0,0,100,1.4,2,72.6,1.4,3.1,4.5,0.8,0.8,0.3,0.9,1.6,15.2,3,0,-1.8
Draymond Green,GSW ,31,63,35,28,31.5,7,2.7,6,44.7,0.5,2,27,1.1,1.4,79.5,0.9,6.2,7.1,8.9,3,1.7,0.8,3.1,33.4,17,6,3.8
Doug McDermott,IND ,29,66,32,34,24.5,13.6,5.4,10.1,53.2,1.7,4.3,38.8,1.2,1.5,81.6,0.9,2.4,3.3,1.3,0.8,0.3,0.1,1.8,20,0,0,-0.7
Dorian Finney-Smith,DAL ,28,60,36,24,32,9.8,3.7,7.8,47.2,2,5,39.4,0.5,0.7,75.6,1.6,3.8,5.4,1.7,0.8,0.9,0.4,2.3,22,1,0,3.3
Donte DiVincenzo,MIL ,24,66,44,22,27.5,10.4,3.8,9.1,42,2,5.2,37.9,0.8,1.1,71.8,1.2,4.5,5.8,3.1,1.4,1.1,0.2,1.7,24.5,5,0,4.6
Donta Hall,ORL ,23,13,3,10,13.8,5.6,1.9,2.7,71.4,0,0,0,1.8,2.6,67.6,1.8,2.9,4.8,0.8,0.6,0.4,0.8,1.4,15.5,1,0,-1.5
Donovan Mitchell,UTA ,24,53,39,14,33.4,26.4,9,20.6,43.8,3.4,8.7,38.6,5,6,84.5,0.9,3.5,4.4,5.2,2.8,1,0.3,2.2,40.6,2,0,5.4
Domantas Sabonis,IND ,25,62,29,33,36,20.3,7.8,14.6,53.5,0.8,2.6,32.1,3.9,5.3,73.2,2.4,9.5,12,6.7,3.4,1.2,0.5,3.3,46.6,48,9,-1.5
Dillon Brooks,MEM ,25,67,36,31,29.8,17.2,6.4,15.4,41.9,1.9,5.6,34.4,2.4,2.9,81.5,0.8,2.1,2.9,2.3,1.8,1.2,0.4,3.5,27.1,0,0,2.3
Didi Louzada,NOP ,21,3,0,3,18.8,2.7,1,4.3,23.1,0.7,2.7,25,0,0,0,0.3,0.7,1,1,1,0.7,0,1.7,6.4,0,0,-3.7
Dewayne Dedmon,MIA ,31,16,11,5,13.2,7.1,2.9,4.1,70.8,0.1,0.3,20,1.3,1.7,74.1,1.8,3.6,5.4,0.8,0.8,0.6,0.4,2.3,16.6,1,0,4.3
Devonte' Graham,CHA ,26,55,23,32,30.2,14.8,4.6,12.2,37.7,3.3,8.7,37.5,2.4,2.9,84.2,0.4,2.3,2.7,5.4,1.5,0.9,0.1,1.4,27.5,3,0,1.8
Devontae Cacok,LAL ,24,20,8,12,4.9,2,0.9,1.5,58.6,0,0,0,0.3,0.6,45.5,0.6,1,1.6,0.1,0.3,0.3,0.2,0.4,5,0,0,2.1
Devon Dotson,CHI ,21,11,4,7,4.6,2.1,1,1.9,52.4,0.1,0.6,14.3,0,0,0,0.2,0.3,0.5,0.6,0,0.4,0,0.3,4.7,0,0,2.9
Devin Vassell,SAS ,20,62,30,32,17,5.5,2,4.9,40.6,0.8,2.4,34.7,0.7,0.8,84.3,0.4,2.4,2.8,0.9,0.4,0.7,0.3,1.4,12.8,0,0,-1
Devin Cannady,ORL ,25,8,0,8,9.3,4.3,1.4,3.5,39.3,0.8,2,37.5,0.8,0.9,85.7,0,0.6,0.6,0.1,0.3,0.6,0.1,1.1,7.2,0,0,-2.9
Devin Booker,PHX ,24,67,48,19,33.9,25.6,9.3,19.2,48.4,1.9,5.5,34,5.1,5.9,86.7,0.5,3.7,4.2,4.3,3.1,0.8,0.2,2.7,37.1,1,0,4.9
Desmond Bane,MEM ,23,68,36,32,22.3,9.2,3.4,7.3,46.9,1.7,4,43.2,0.6,0.7,81.6,0.5,2.6,3.1,1.7,0.9,0.6,0.2,1.8,17.1,0,0,0.2
Derrick White,SAS ,26,36,18,18,29.5,15.4,5.2,12.6,41.1,2.3,6.8,34.6,2.7,3.2,85.1,0.4,2.6,3,3.5,1.3,0.7,1,2.5,28.1,0,0,2.6
Derrick Rose,NYK ,32,50,28,22,25.6,14.7,5.7,12.2,47,1,2.6,38.8,2.2,2.5,86.6,0.4,2.2,2.6,4.2,1.6,1,0.4,1.1,26.6,1,0,2.7
Derrick Jones Jr.,POR ,24,58,32,26,22.7,6.8,2.5,5.2,48.4,0.7,2.3,31.6,1,1.6,64.8,1.3,2.2,3.5,0.8,0.6,0.6,0.9,2.2,16.4,0,0,-1.1
Derrick Favors,UTA ,29,68,49,19,15.3,5.4,2.3,3.6,63.8,0,0,0,0.9,1.2,73.8,2,3.5,5.5,0.6,0.5,0.5,1,2.1,16.9,1,0,0.5
Denzel Valentine,CHI ,27,62,26,36,16.7,6.5,2.5,6.7,37.3,1.3,3.9,33.1,0.3,0.3,94.1,0.4,2.8,3.2,1.7,0.7,0.5,0.1,1.1,14,0,0,0.7
Dennis Smith Jr.,DET ,23,23,7,16,18.3,6.7,2.5,6.3,40,0.8,2.5,32.8,0.8,1.1,73.1,0.5,1.9,2.4,3.3,1.1,1,0.6,1.6,18.3,1,1,-0.8
Dennis Schroder,LAL ,27,61,38,23,32.1,15.4,5.4,12.5,43.7,1.2,3.5,33.5,3.4,4,84.8,0.5,3,3.5,5.8,2.7,1.1,0.2,2.6,29.6,6,0,1.4
Deni Avdija,WAS ,20,54,25,29,23.3,6.3,2.4,5.8,41.7,1,3.1,31.5,0.5,0.8,64.4,0.4,4.4,4.9,1.2,0.6,0.6,0.3,2.6,15.9,2,0,-1.5
Delon Wright,SAC ,29,63,21,42,27.7,10.2,3.8,8.2,46.3,1,2.7,37.2,1.6,2,80.2,1,3.2,4.3,4.4,1.3,1.6,0.5,1.2,26.9,3,0,-1.7
Dejounte Murray,SAS ,24,67,32,35,31.9,15.7,6.6,14.5,45.3,0.9,3,31.7,1.6,2,79.1,0.9,6.2,7.1,5.4,1.7,1.5,0.1,2,35.4,13,4,1.3
Deividas Sirvydis,DET ,21,20,8,12,6.7,2.1,0.7,2,35,0.5,1.4,35.7,0.2,0.3,50,0,1.5,1.5,0.3,0.3,0.1,0,0.5,4.2,0,0,-1.2
Deandre Ayton,PHX ,22,69,48,21,30.6,14.4,6.2,10,62.6,0.1,0.3,20,1.9,2.5,76.9,3.3,7.2,10.5,1.4,1.5,0.6,1.2,2.8,33.1,33,0,4
Dean Wade,CLE ,24,63,19,44,19.2,6,2.1,4.9,43.1,1.2,3.4,36.6,0.5,0.6,76.9,0.6,2.8,3.4,1.2,0.5,0.6,0.3,1.2,14,1,0,-3.5
DeMarcus Cousins,LAC ,30,41,22,19,17.4,8.9,3.2,7.4,42.6,1.1,3.3,34.8,1.4,2,72.8,1.3,5.1,6.4,1.9,1.6,0.8,0.6,2.6,22.1,7,0,-1.5
DeMar DeRozan,SAS ,31,61,27,34,33.7,21.6,7.5,15.1,49.5,0.3,1.2,25.7,6.3,7.2,88,0.7,3.6,4.2,6.9,2,0.9,0.2,2.1,38.6,13,0,-1.7
DeAndre' Bembry,TOR ,26,51,23,28,19.1,5.7,2.3,4.5,51.3,0.3,1,26.4,0.9,1.3,68.2,0.6,2.2,2.9,2.1,1.4,1,0.4,1.7,15.1,0,0,0.1
DeAndre Jordan,BKN ,32,57,37,20,21.9,7.5,3.3,4.4,76.3,0,0,0,0.8,1.6,50,2.1,5.4,7.5,1.6,1.5,0.3,1.1,2,21.7,6,0,-0.7
De'Anthony Melton,MEM ,23,52,27,25,20.1,9.1,3.3,7.6,43.8,1.7,4.1,41.2,0.8,1,80.4,0.6,2.5,3.1,2.5,1.3,1.2,0.6,1.6,20.6,1,0,2.3
De'Andre Hunter,ATL ,23,23,12,11,29.5,15,5.2,10.8,48.4,1.3,4.1,32.6,3.2,3.7,85.9,0.7,4,4.8,1.9,1.3,0.8,0.5,2.6,26.3,1,0,3.7
De'Aaron Fox,SAC ,23,58,24,34,35.1,25.2,9.1,19.1,47.7,1.8,5.5,32.2,5.2,7.2,71.9,0.6,2.9,3.5,7.2,3,1.5,0.5,2.9,43.1,11,0,-3.4
Davis Bertans,WAS ,28,57,29,28,25.7,11.5,3.4,8.4,40.4,3,7.5,39.5,1.8,2,87,0.3,2.6,2.9,0.9,0.6,0.6,0.2,2.4,18.2,0,0,1.9
David Nwaba,HOU ,28,30,8,22,22.6,9.2,3.5,7.3,48.6,0.6,2.1,27,1.6,2.3,69.1,1.3,2.6,3.9,1,0.6,1,0.7,2,20,1,0,-0.9
Darius Miller,OKC ,31,18,5,13,10.9,4.1,1.2,2.7,45.8,0.9,2.3,40.5,0.7,0.7,100,0.1,1.2,1.3,1.2,0.4,0.7,0.3,0.7,10,0,0,2.1
Darius Garland,CLE ,21,54,18,36,33.1,17.4,6.7,14.9,45.1,1.9,4.9,39.5,2.1,2.4,84.8,0.4,2,2.4,6.1,3,1.2,0.1,2,30.4,6,0,-4.4
Darius Bazley,OKC ,21,55,16,39,31.2,13.7,5,12.5,39.6,1.5,5.2,29,2.3,3.2,70.2,0.9,6.3,7.2,1.8,2.2,0.5,0.5,1.1,25.8,11,0,-8.7
Dario Saric,PHX ,27,50,37,13,17.4,8.7,3.1,6.8,44.7,0.9,2.7,34.8,1.7,2,84.8,0.9,2.9,3.8,1.3,1.1,0.6,0.1,1.9,16.2,0,0,4.4
Danuel House Jr.,HOU ,28,36,8,28,25.9,8.8,3.1,7.6,40.4,1.5,4.3,34.6,1.1,1.8,65.1,0.5,3.2,3.7,1.9,1,0.6,0.4,1.9,18,0,0,-6.2
Dante Exum,HOU ,25,6,3,3,19.4,3.8,1.7,4.3,38.5,0.3,1.8,18.2,0.2,0.3,50,0.3,2.5,2.8,2.2,1.2,0.7,0.3,1.5,12.3,0,0,1
Danny Green,PHI ,34,69,46,23,28,9.5,3.2,7.9,41.2,2.5,6.3,40.5,0.4,0.6,77.5,0.8,3,3.8,1.7,1,1.3,0.8,1.8,22,1,0,4.5
Danilo Gallinari,ATL ,32,51,29,22,24,13.3,4,9.3,43.4,2,5,40.6,3.2,3.4,92.5,0.3,3.8,4.1,1.5,0.8,0.6,0.2,2.1,22,2,0,1.8
Daniel Theis,CHI ,29,65,28,37,24.6,9.6,3.9,7.2,54.1,0.8,2.3,32.2,1.1,1.7,67.3,1.4,4,5.5,1.7,1,0.6,0.9,2.6,22.2,6,0,-0.5
Daniel Oturu,LAC ,21,30,21,9,5.4,1.8,0.7,1.7,42.3,0,0.2,20,0.3,0.4,75,0.7,0.9,1.6,0.3,0.3,0.1,0.2,0.8,5,1,0,0.3
Daniel Gafford,WAS ,22,54,31,23,14.7,7,2.9,4.2,68.4,0,0,0,1.3,2,66.7,1.7,2.5,4.3,0.5,0.8,0.5,1.4,1.8,17.8,2,0,0.9
Damyean Dotson,CLE ,27,46,14,32,19.7,6.7,2.6,6.4,40.6,1,3.5,28.9,0.5,0.8,66.7,0.1,1.9,2,2,0.9,0.3,0.1,0.9,12.5,0,0,-4.7
Damion Lee,GSW ,28,57,28,29,18.9,6.5,2.2,4.8,46.7,1.4,3.4,39.7,0.7,0.8,90.9,0.4,2.8,3.2,1.3,0.5,0.7,0.1,1.6,14.1,0,0,0.7
Damian Lillard,POR ,30,67,39,28,35.8,28.8,9,19.9,45.1,4.1,10.5,39.1,6.7,7.2,92.8,0.5,3.7,4.2,7.5,3,0.9,0.3,1.5,45.7,16,0,3
Damian Jones,SAC ,26,39,24,15,14,4.7,1.8,2.6,68,0,0.1,20,1.1,1.5,72.4,0.9,2.2,3.1,0.7,0.7,0.3,0.7,2,11.9,1,0,-1.7
Dakota Mathias,PHI ,25,8,4,4,15.4,6,2.4,6,39.6,1,3.3,30.8,0.3,0.8,33.3,0.1,0.8,0.9,1.6,0.1,0.1,0.4,0.9,10.9,0,0,-3.9
DaQuan Jeffries,SAS ,23,31,6,25,15.9,4.1,1.6,3.9,41.7,0.6,2.2,29.9,0.2,0.3,87.5,0.6,1.7,2.3,0.7,0.5,0.5,0.3,1.5,9.9,0,0,-1.8
D.J. Wilson,HOU ,25,35,13,22,12.4,5.2,1.9,4.8,40.5,0.9,2.5,34.5,0.5,0.7,68,0.6,2.6,3.2,0.7,0.6,0.3,0.5,1.3,11.7,1,0,-3
D.J. Augustin,HOU ,33,57,28,29,19.8,7.7,2.4,6,39.4,1.5,3.8,38.2,1.5,1.6,90.4,0.4,1.3,1.6,3.3,1.1,0.5,0,1,15,0,0,-0.7
D'Angelo Russell,MIN ,25,42,16,26,28.5,19,6.7,15.5,43.1,2.9,7.4,38.7,2.7,3.5,76.5,0.4,2.3,2.6,5.8,2.7,1.1,0.4,1.6,32.7,6,0,-4.6
Cristiano Felicio,CHI ,28,18,6,12,4.6,1.3,0.4,0.7,53.8,0,0.1,0,0.5,0.9,56.3,0.6,0.9,1.4,0.5,0.2,0.2,0,0.6,4.2,0,0,1.2
Cory Joseph,DET ,29,63,25,38,23,8.2,3.2,6.8,46.9,0.7,2.1,34.1,1.1,1.4,81.8,0.6,2,2.5,3.4,1.3,1,0.3,2.2,18.8,2,0,-3.1
Collin Sexton,CLE ,22,60,18,42,35.3,24.3,8.8,18.4,47.5,1.6,4.4,37.1,5.2,6.4,81.5,1,2.2,3.1,4.4,2.8,1,0.2,2.6,35.4,1,0,-6.3
Cole Anthony,ORL ,21,47,13,34,27.1,12.9,4.7,11.7,39.7,1.2,3.7,33.7,2.3,2.8,83.2,0.8,3.9,4.7,4.1,2.3,0.6,0.4,2.1,25.5,0,0,-6.9
Cody Zeller,CHA ,28,48,21,27,20.9,9.4,3.8,6.8,55.9,0.1,0.6,14.3,1.8,2.5,71.4,2.5,4.4,6.8,1.8,1.1,0.6,0.4,2.5,22,8,0,0.9
Cody Martin,CHA ,25,52,26,26,16.3,4,1.6,3.6,44.1,0.3,1.1,27.6,0.5,0.8,58.1,1,2.1,3.1,1.7,0.8,0.7,0.2,1,12.2,1,0,-0.1
Coby White,CHI ,21,69,30,39,31.2,15.1,5.4,13.1,41.6,2.4,6.6,35.9,1.9,2.1,90.1,0.4,3.7,4.1,4.8,2.3,0.6,0.2,2.6,27.2,5,0,-1.6
Clint Capela,ATL ,27,63,34,29,30.1,15.2,6.6,11,59.4,0,0,0,2.1,3.6,57.3,4.7,9.6,14.3,0.8,1.2,0.7,2,2.3,40.6,48,1,4
Chuma Okeke,ORL ,22,45,15,30,25.2,7.8,3,7.2,41.7,1.1,3.1,34.8,0.7,0.9,75,0.9,3.1,4,2.2,0.8,1.1,0.5,1.1,19.8,0,0,-4
Christian Wood,HOU ,25,41,12,29,32.3,21,8,15.6,51.4,1.9,5,37.4,3,4.8,63.1,1.9,7.8,9.6,1.7,2,0.8,1.2,2.1,39.2,19,0,-2.4
Chris Silva,SAC ,24,15,8,7,6.2,2.1,0.7,1.1,62.5,0.1,0.1,100,0.7,1,73.3,0.5,1.3,1.8,0.4,0.7,0.1,0.4,1.6,5.6,0,0,-0.1
Chris Paul,PHX ,36,70,49,21,31.4,16.4,6.3,12.6,49.9,1.5,3.7,39.5,2.4,2.6,93.4,0.4,4.1,4.5,8.9,2.2,1.4,0.3,2.4,37.9,25,1,4.4
Chris Chiozza,BKN ,25,22,12,10,10.6,4,1.4,4,35.2,0.6,1.9,31,0.6,0.8,76.5,0.1,1,1.1,3,0.7,0.3,0.3,0.9,10.8,1,0,0.9
Chris Boucher,TOR ,28,60,25,35,24.2,13.6,4.8,9.3,51.4,1.5,3.9,38.3,2.5,3.2,78.8,2,4.8,6.7,1.1,0.8,0.6,1.9,2.8,29.8,12,0,1.6
Chimezie Metu,SAC ,24,36,14,22,13.6,6.3,2.5,5,50.8,0.4,1,35.1,0.9,1.2,72.1,0.9,2.3,3.1,0.8,0.8,0.4,0.5,1.6,13,0,0,-1.6
Chasson Randle,ORL ,28,41,10,31,20.4,6.5,2.2,5.8,38.8,1.1,3.2,33.8,0.9,1.2,79.2,0.2,1.8,2,1.8,1.1,0.5,0.1,1.6,12.4,0,0,-6.5
Charlie Brown Jr.,OKC ,24,9,1,8,16.9,4.4,1.4,4.8,30.2,0.6,2.3,23.8,1,1.1,90,0.3,1.6,1.9,1,0.7,0.4,0.2,2.1,9.5,0,0,-4.8
Chandler Hutchison,WAS ,25,25,11,14,13.8,4.3,1.6,4.1,37.9,0.3,0.9,36.4,0.8,1,84,0.2,2.9,3.1,0.7,0.8,0.5,0.2,1.3,10.3,0,0,-2.3
Cedi Osman,CLE ,26,59,17,42,25.6,10.4,3.7,9.9,37.4,1.7,5.5,30.6,1.3,1.6,80,0.6,2.8,3.4,2.9,1.4,0.9,0.2,2,20.7,2,0,-5.5
Cassius Winston,WAS ,23,22,10,12,4.5,1.9,0.6,1.5,42.4,0.4,0.8,47.1,0.2,0.3,83.3,0,0.4,0.4,0.5,0.2,0.1,0,0.4,3.4,0,0,-2.2
Cassius Stanley,IND ,21,24,10,14,3.9,1.5,0.5,1.8,30.2,0.1,0.5,23.1,0.3,0.4,77.8,0.3,0.5,0.8,0,0,0,0.1,0.6,2.9,0,0,0.8
Carsen Edwards,BOS ,23,31,14,17,8.9,4,1.5,3.6,42.3,0.6,2,28.6,0.4,0.4,84.6,0.1,0.7,0.8,0.5,0.2,0.2,0,0.8,6.2,0,0,-0.8
Carmelo Anthony,POR ,37,69,39,30,24.5,13.4,4.7,11.3,42.1,1.9,4.7,40.9,2,2.2,89,0.5,2.6,3.1,1.5,0.9,0.7,0.6,2.1,22.1,0,0,-0.3
Caris LeVert,IND ,26,47,24,23,31.6,20.2,7.6,17.3,44.1,1.8,5.5,32.6,3.1,3.8,81.1,0.7,3.9,4.6,5.2,2.2,1.4,0.6,2.2,37.4,6,0,-0.1
Cameron Reynolds,HOU ,26,5,3,2,8.1,3,1.2,3.6,33.3,0.6,2.4,25,0,0,0,0.4,0.6,1,0.4,0,0,0,0.4,4.8,0,0,-5.2
Cameron Payne,PHX ,26,60,42,18,18,8.4,3.2,6.6,48.4,1.2,2.8,44,0.8,0.9,89.3,0.3,2.1,2.4,3.6,1,0.6,0.3,1.6,18.3,1,0,3
Cameron Oliver,HOU ,24,4,1,3,21.8,10.8,4.8,8.3,57.6,1,3.3,30.8,0.3,1,25,1.3,4,5.3,1.3,0.8,0.5,1,2.8,22.7,1,0,-2.8
Cameron Johnson,PHX ,25,60,43,17,24,9.6,3.4,8.1,42,2,5.6,34.9,0.8,1,84.7,0.6,2.8,3.3,1.4,0.7,0.6,0.3,1.4,17.7,0,0,2.9
Cam Reddish,ATL ,21,26,10,16,28.9,11.2,3.7,10.1,36.5,1.3,4.8,26.2,2.6,3.2,81.7,0.8,3.2,4,1.3,1.3,1.3,0.3,2.6,21.6,0,0,-1.9
Caleb Martin,CHA ,25,53,23,30,15.4,5,1.8,4.8,37.5,0.6,2.4,24.8,0.8,1.2,64.1,0.6,2.1,2.7,1.3,0.6,0.7,0.2,1.2,12.2,1,0,-1.9
CJ McCollum,POR ,29,47,28,19,34,23.1,8.6,18.8,45.8,3.6,8.9,40.2,2.3,2.8,81.2,0.6,3.3,3.9,4.7,1.4,0.9,0.4,1.9,37.7,2,0,4.4
CJ Elleby,POR ,21,30,19,11,6.4,2.3,0.8,2.2,37.9,0.2,1.1,20.6,0.4,0.5,73.3,0.4,0.7,1.1,0.3,0.2,0.2,0.1,0.9,4.8,0,0,-0.5
Buddy Hield,SAC ,28,71,31,40,34.3,16.6,5.7,14,40.6,4,10.2,39.1,1.2,1.5,84.6,0.4,4.3,4.7,3.6,1.8,0.9,0.4,2.5,29.7,2,0,-0.8
Bryn Forbes,MIL ,27,70,45,25,19.3,10,3.6,7.6,47.3,2.2,4.9,45.2,0.7,0.9,77,0.2,1.4,1.6,0.6,0.6,0.3,0,1.1,13.3,1,0,1.4
Bruno Fernando,ATL ,22,33,20,13,6.8,1.5,0.5,1.3,40.9,0,0.1,0,0.5,0.7,68.2,0.5,1.9,2.4,0.3,0.6,0.1,0.1,0.7,4.8,0,0,-0.7
Bruno Caboclo,HOU ,25,6,1,5,6.1,2.8,1.3,2.8,47.1,0,0.8,0,0.2,0.3,50,0.5,1.8,2.3,0.2,0.7,0,0.3,1,6.2,0,0,0
Bruce Brown,BKN ,24,65,45,20,22.3,8.8,3.6,6.5,55.6,0.3,0.9,28.8,1.3,1.8,73.5,1.7,3.7,5.4,1.6,0.8,0.9,0.4,2.2,20.8,6,0,1.1
Brook Lopez,MIL ,33,70,46,24,27.2,12.3,4.6,9.1,50.3,1.4,4,33.8,1.7,2,84.5,1.5,3.5,5,0.7,0.9,0.6,1.5,2.1,24.5,3,0,4.5
Brodric Thomas,CLE ,24,32,6,26,12.5,3.9,1.2,3.4,36.1,0.5,1.8,27.1,1,1.4,67.4,0.3,1.4,1.7,0.9,0.7,0.5,0.3,1.3,9,0,0,-1.5
Brian Bowen II,IND ,22,6,1,5,2.5,0.5,0.2,0.7,25,0,0.2,0,0.2,0.2,100,0,0.5,0.5,0,0,0,0,0.2,1.1,0,0,0.5
Brandon Ingram,NOP ,23,61,29,32,34.3,23.8,8.4,18,46.6,2.3,6.1,38.1,4.6,5.2,87.8,0.6,4.3,4.9,4.9,2.5,0.7,0.6,2,38.2,4,0,0.7
Brandon Goodwin,ATL ,25,47,25,22,13.2,4.9,1.8,4.7,37.7,0.7,2.2,31.1,0.6,0.9,65.1,0.2,1.3,1.5,2,0.8,0.4,0,0.9,10,0,0,-1.3
Brandon Clarke,MEM ,24,59,32,27,24,10.3,4.3,8.4,51.7,0.3,1.3,26,1.3,1.9,69,1.6,3.9,5.6,1.6,0.6,1,0.9,1.4,24.5,3,0,-0.3
Bradley Beal,WAS ,28,60,32,28,35.8,31.3,11.2,23,48.5,2.2,6.2,34.9,6.8,7.7,88.9,1.2,3.5,4.7,4.4,3.1,1.2,0.4,2.3,45,4,0,-0.1
Brad Wanamaker,CHA ,31,61,29,32,17.3,5.5,1.9,4.9,38.5,0.3,1.4,18.8,1.5,1.7,89.1,0.3,1.4,1.7,2.9,1.2,0.7,0.2,1.5,13.3,0,0,-2.1
Bol Bol,DEN ,21,32,21,11,5,2.2,0.8,1.8,43.1,0.3,0.8,37.5,0.3,0.5,66.7,0,0.8,0.8,0.2,0.4,0.1,0.3,0.4,4.2,0,0,-2.5
Bojan Bogdanovic,UTA ,32,72,52,20,30.8,17,5.6,12.8,43.9,2.5,6.4,39,3.2,3.7,87.9,0.6,3.3,3.9,1.9,1.8,0.6,0.1,1.6,24.8,0,0,5.8
Bogdan Bogdanovic,ATL ,28,44,30,14,29.7,16.4,6.1,12.8,47.3,3.3,7.6,43.8,0.9,1,90.9,0.5,3.2,3.6,3.3,1.2,1.1,0.3,2.3,28.7,0,0,2.5
Bobby Portis,MIL ,26,66,44,22,20.8,11.4,4.7,9.1,52.3,1.1,2.4,47.1,0.8,1.1,74,1.9,5.2,7.1,1.1,0.8,0.8,0.4,1.7,24.2,12,0,2.1
Boban Marjanovic,DAL ,32,33,14,19,8.2,4.7,1.9,3.7,50.8,0,0.2,12.5,0.9,1.2,81.6,1.4,2.5,3.9,0.3,0.4,0.1,0.2,0.9,10.2,3,0,0.7
Blake Griffin,BKN ,32,46,24,22,25.8,11,3.8,8.9,42.3,1.5,4.5,34.1,1.9,2.5,74.4,0.8,4.1,4.9,3,1.3,0.7,0.3,2.4,23.1,2,0,1.3
Bismack Biyombo,CHA ,28,66,28,38,20.4,5,2.2,3.7,58.7,0,0,0,0.7,1.6,44.8,2.1,3.2,5.3,1.2,1.1,0.3,1.1,2.1,16.2,3,0,-4.2
Ben Simmons,PHI ,24,58,42,16,32.4,14.3,5.6,10.1,55.7,0.1,0.2,30,3,4.9,61.3,1.6,5.6,7.2,6.9,3,1.6,0.6,2.9,36.9,13,4,5.7
Ben McLemore,LAL ,28,53,20,33,17.1,7.7,2.5,6.9,37,1.8,5.3,34.6,0.7,1,73.6,0.3,1.6,1.9,0.7,0.8,0.4,0.2,1.7,12,0,0,-1.9
Bam Adebayo,MIA ,23,64,34,30,33.5,18.7,7.1,12.5,57,0,0.1,25,4.4,5.5,79.9,2.2,6.7,9,5.4,2.6,1.2,1,2.3,41.5,33,2,0.4
Axel Toupane,MIL ,28,8,2,6,7.7,1.8,0.5,1.4,36.4,0.1,0.3,50,0.6,0.9,71.4,0,0.8,0.8,0.5,0,0.3,0.4,0.8,5.3,0,0,-0.4
Avery Bradley,HOU ,30,27,6,21,22.3,6.4,2.4,6.3,37.4,1.2,3.7,32.7,0.4,0.6,80,0.3,1.8,2.1,1.7,1,0.8,0.1,2,13.1,0,0,-4.9
Austin Rivers,DEN ,28,36,20,16,23.5,7.9,2.9,6.8,42.4,1.5,4.1,36.9,0.6,0.9,71,0.2,2.1,2.3,2.3,1,0.8,0.1,1.8,15.7,0,0,0.3
Ashton Hagans,MIN ,21,2,0,2,2,0,0,0,0,0,0,0,0,0,0,0,0,0,0,0.5,0,0,0,-0.5,0,0,-1.5
Aron Baynes,TOR ,34,53,20,33,18.5,6.1,2.5,5.7,44.1,0.5,1.9,26.2,0.5,0.8,70.7,1.6,3.5,5.2,0.9,0.9,0.3,0.4,2.2,15,2,0,-1.5
Armoni Brooks,HOU ,23,20,3,17,26,11.2,3.9,9.6,40.6,3,7.9,38.2,0.4,0.6,58.3,0.5,2.9,3.4,1.5,1.1,0.6,0.3,1.7,18.9,0,0,-6.8
Anzejs Pasecniks,WAS ,25,1,1,0,6.3,0,0,1,0,0,1,0,0,0,0,1,0,1,1,5,0,0,2,-2.3,0,0,-13
Anthony Tolliver,PHI ,36,11,7,4,9,1.5,0.4,1.5,23.5,0.4,1.3,28.6,0.5,0.5,83.3,0.3,0.6,0.9,0.2,0.3,0.3,0.2,0.6,4,0,0,2.7
Anthony Lamb,HOU ,23,24,3,21,17.3,5.5,1.9,4.9,39,1,3,32.4,0.8,0.9,85.7,1.1,1.8,2.9,1,0.8,0.3,0.2,1.4,11.1,0,0,-3.7
Anthony Gill,WAS ,28,26,11,15,8.4,3.1,1.2,2.3,50,0.3,0.9,29.2,0.5,0.6,81.3,0.6,1.3,2,0.4,0.3,0.4,0.2,1,7.4,0,0,-0.7
Anthony Edwards,MIN ,19,72,23,49,32.1,19.3,7,16.8,41.7,2.4,7.2,32.9,2.9,3.8,77.6,0.8,3.8,4.7,2.9,2.2,1.1,0.5,1.8,32,3,0,-3.2
Anthony Davis,LAL ,28,36,23,13,32.3,21.8,8.4,17,49.1,0.7,2.8,26,4.4,5.9,73.8,1.7,6.2,7.9,3.1,2.1,1.3,1.6,1.7,42.6,12,0,3.2
Anfernee Simons,POR ,22,64,37,27,17.3,7.8,2.6,6.3,41.9,1.9,4.4,42.6,0.7,0.9,80.7,0.2,2,2.2,1.4,0.7,0.3,0.1,1.5,13.1,0,0,0.7
Andrew Wiggins,GSW ,26,71,38,33,33.3,18.6,7.1,14.9,47.7,2,5.2,38,2.4,3.4,71.4,1.2,3.7,4.9,2.4,1.8,0.9,1,2.2,32,3,0,0
Andre Roberson,BKN ,29,5,4,1,12.6,1.2,0.4,2.8,14.3,0.2,1.6,12.5,0.2,0.4,50,1.4,1.6,3,0.8,0.4,0.6,0.2,0.8,8,0,0,-3.8
Andre Iguodala,MIA ,37,63,37,26,21.3,4.4,1.5,3.9,38.3,1,2.9,33,0.4,0.6,65.8,0.6,2.9,3.5,2.3,1.1,0.9,0.6,1.4,15.3,0,0,-1.3
Andre Drummond,LAL ,27,46,19,27,27,14.9,6.1,12.4,49.3,0,0.2,0,2.7,4.5,60,3.6,8.4,12,2,2.7,1.4,1.1,3.2,37,28,0,-2.3
Anderson Varejao,CLE ,38,5,1,4,7.2,2.6,0.8,3.2,25,0,0.2,0,1,1.8,55.6,1.4,2.6,4,0.6,0.2,0,0.4,0.6,9.3,0,0,-6.6
Amir Coffey,LAC ,24,44,32,12,9,3.2,1,2.3,43.7,0.5,1.3,41.1,0.6,0.9,71.1,0.2,0.8,1,0.5,0.3,0.2,0,0.7,5.5,0,0,-0.6
Amida Brimah,IND ,27,5,2,3,5.9,2.6,1,1.6,62.5,0,0,0,0.6,0.6,100,0.4,1.2,1.6,0.2,0.8,0,1,0.8,7,0,0,4.4
Alize Johnson,BKN ,25,18,10,8,10.5,5.2,2.2,3.8,58.8,0.1,0.3,16.7,0.7,0.7,100,1.5,3.5,5,0.8,0.5,0.3,0.3,0.9,13.6,2,0,-1
Alfonzo McKinnie,LAL ,28,39,22,17,6.6,3.1,1.2,2.4,51.6,0.4,1,41,0.3,0.5,55.6,0.6,0.8,1.4,0.2,0.1,0.2,0,0.7,5.4,0,0,0.2
Alex Len,WAS ,28,64,30,34,15.3,6.6,2.7,4.3,61.5,0.1,0.4,32,1.1,1.8,62.9,1.2,2.8,4.1,0.8,0.9,0.3,1,2,15.7,2,0,-1.5
Alex Caruso,LAL ,27,58,32,26,21,6.4,2.3,5.3,43.6,0.9,2.4,40.1,0.8,1.3,64.5,0.5,2.4,2.9,2.8,1.3,1.1,0.3,1.9,16.8,0,0,2.1
Alen Smailagic,GSW ,20,15,10,5,5.6,1.9,0.7,1.8,40.7,0.3,0.7,40,0.1,0.4,33.3,0.4,0.7,1.1,0.3,0.3,0.2,0.3,0.7,4.8,0,0,-2.1
Aleksej Pokusevski,OKC ,19,45,13,32,24.2,8.2,3.1,9.1,34.1,1.3,4.6,28,0.7,0.9,73.8,0.7,4,4.7,2.2,2.2,0.4,0.9,1.3,19,1,0,-8.7
Alec Burks,NYK ,29,49,27,22,25.6,12.7,4.3,10.2,42,2.1,5,41.5,2.1,2.4,85.6,0.4,4.2,4.6,2.2,1,0.6,0.3,2.1,23.3,3,0,2.6
Al-Farouq Aminu,CHI ,30,23,5,18,18.9,4.4,1.7,4.3,38.4,0.3,1.6,21.6,0.8,1,81.8,1,3.8,4.8,1.3,1.2,0.8,0.4,1.3,14.6,1,0,-2.3
Al Horford,BOS ,35,28,11,17,27.9,14.2,5.8,12.9,45,2,5.4,36.8,0.6,0.8,81.8,1,5.7,6.7,3.4,1,0.9,0.9,1.7,31.7,1,0,-3.6
Adam Mokoka,CHI ,22,14,3,11,4,1.1,0.5,1.4,36.8,0.1,0.7,10,0,0.1,0,0.1,0.3,0.4,0.4,0.4,0.1,0.1,0.4,2.3,0,0,-0.6
Abdel Nader,PHX ,27,24,16,8,14.8,6.7,2.4,4.8,49.1,0.8,1.8,41.9,1.2,1.5,75.7,0.3,2.3,2.6,0.8,0.8,0.4,0.4,1.4,12.5,0,0,1.2
Aaron Nesmith,BOS ,21,46,22,24,14.5,4.7,1.7,3.9,43.8,0.9,2.3,37,0.5,0.6,78.6,0.6,2.2,2.8,0.5,0.5,0.3,0.2,1.9,9.9,0,0,-0.2
Aaron Holiday,IND ,24,66,30,36,17.8,7.2,2.6,6.6,39,1,2.8,36.8,1,1.3,81.9,0.2,1.1,1.3,1.9,1,0.7,0.2,1.4,13.3,1,0,0
Aaron Gordon,DEN ,25,50,29,21,27.7,12.4,4.6,10,46.3,1.2,3.5,33.5,1.9,3,65.1,1.5,4.1,5.7,3.2,1.9,0.7,0.7,1.8,26.1,3,1,1.2
